disease,month,cases,pop,days,inc_day,tmean,tmean1,anom0,anom1,pandemic
Campylobacteriosis,2013-01-01,810,8176573,31,0.319559701332875,1.3,2.34285714285714,-0.938775510204082,-0.861538461538462,FALSE
Salmonellosis,2013-01-01,87,8176573,31,0.0343230790320496,1.3,2.34285714285714,-0.938775510204082,-0.861538461538462,FALSE
Campylobacteriosis,2013-02-01,339,8176573,28,0.148071115577918,-0.271428571428571,1.3,-4.1469387755102,-0.938775510204082,FALSE
Salmonellosis,2013-02-01,76,8176573,28,0.0331958843183534,-0.271428571428571,1.3,-4.1469387755102,-0.938775510204082,FALSE
Campylobacteriosis,2013-03-01,299,8176573,31,0.117960926788308,3.4,-0.271428571428571,-3.36428571428571,-4.1469387755102,FALSE
Salmonellosis,2013-03-01,63,8176573,31,0.0248546434370014,3.4,-0.271428571428571,-3.36428571428571,-4.1469387755102,FALSE
Campylobacteriosis,2013-04-01,405,8176573,30,0.165105845688652,9.5,3.4,-1.05408163265306,-3.36428571428571,FALSE
Salmonellosis,2013-04-01,92,8176573,30,0.0375055254403852,9.5,3.4,-1.05408163265306,-3.36428571428571,FALSE
Campylobacteriosis,2013-05-01,488,8176573,31,0.192524857099313,11.5142857142857,9.5,-2.45102040816326,-1.05408163265306,FALSE
Salmonellosis,2013-05-01,88,8176573,31,0.0347175971818432,11.5142857142857,9.5,-2.45102040816326,-1.05408163265306,FALSE
Campylobacteriosis,2013-06-01,683,8176573,30,0.278437759519381,16.8571428571429,11.5142857142857,-2.30408163265306,-2.45102040816326,FALSE
Salmonellosis,2013-06-01,87,8176573,30,0.0354671816664512,16.8571428571429,11.5142857142857,-2.30408163265306,-2.45102040816326,FALSE
Campylobacteriosis,2013-07-01,784,8176573,31,0.30930222943824,21.1142857142857,16.8571428571429,0.257142857142856,-2.30408163265306,FALSE
Salmonellosis,2013-07-01,91,8176573,31,0.0359011516312243,21.1142857142857,16.8571428571429,0.257142857142856,-2.30408163265306,FALSE
Campylobacteriosis,2013-08-01,862,8176573,31,0.340074645122146,19.3571428571429,21.1142857142857,-0.839795918367347,0.257142857142856,FALSE
Salmonellosis,2013-08-01,217,8176573,31,0.0856104385052271,19.3571428571429,21.1142857142857,-0.839795918367347,0.257142857142856,FALSE
Campylobacteriosis,2013-09-01,745,8176573,30,0.303713222316163,15.4714285714286,19.3571428571429,-0.398901098901099,-0.839795918367347,FALSE
Salmonellosis,2013-09-01,133,8176573,30,0.0542199443866438,15.4714285714286,19.3571428571429,-0.398901098901099,-0.839795918367347,FALSE
Campylobacteriosis,2013-10-01,743,8176573,31,0.293126985296699,12.0428571428571,15.4714285714286,0.464835164835165,-0.398901098901099,FALSE
Salmonellosis,2013-10-01,151,8176573,31,0.0595722406188446,12.0428571428571,15.4714285714286,0.464835164835165,-0.398901098901099,FALSE
Campylobacteriosis,2013-11-01,611,8176573,30,0.249085609174732,5.02857142857143,12.0428571428571,-1.13846153846154,0.464835164835165,FALSE
Salmonellosis,2013-11-01,123,8176573,30,0.0501432568387759,5.02857142857143,12.0428571428571,-1.13846153846154,0.464835164835165,FALSE
Campylobacteriosis,2013-12-01,782,8176573,31,0.308513193138652,2.08571428571429,5.02857142857143,-1.11868131868132,-1.13846153846154,FALSE
Salmonellosis,2013-12-01,63,8176573,31,0.0248546434370014,2.08571428571429,5.02857142857143,-1.11868131868132,-1.13846153846154,FALSE
Campylobacteriosis,2014-01-01,779,8274608,31,0.303688492047775,3.45714285714286,2.08571428571429,1.21836734693878,-1.11868131868132,FALSE
Salmonellosis,2014-01-01,96,8274608,31,0.0374250259776462,3.45714285714286,2.08571428571429,1.21836734693878,-1.11868131868132,FALSE
Campylobacteriosis,2014-02-01,400,8274608,28,0.17264520912307,4.44285714285714,3.45714285714286,0.56734693877551,1.21836734693878,FALSE
Salmonellosis,2014-02-01,48,8274608,28,0.0207174250947684,4.44285714285714,3.45714285714286,0.56734693877551,1.21836734693878,FALSE
Campylobacteriosis,2014-03-01,420,8274608,31,0.163734488652202,7.68571428571429,4.44285714285714,0.921428571428572,0.56734693877551,FALSE
Salmonellosis,2014-03-01,70,8274608,31,0.0272890814420337,7.68571428571429,4.44285714285714,0.921428571428572,0.56734693877551,FALSE
Campylobacteriosis,2014-04-01,457,8274608,30,0.184097341328234,11.3571428571429,7.68571428571429,0.803061224489797,0.921428571428572,FALSE
Salmonellosis,2014-04-01,80,8274608,30,0.0322271057029731,11.3571428571429,7.68571428571429,0.803061224489797,0.921428571428572,FALSE
Campylobacteriosis,2014-05-01,521,8274608,31,0.203108734732851,13.2285714285714,11.3571428571429,-0.736734693877549,0.803061224489797,FALSE
Salmonellosis,2014-05-01,91,8274608,31,0.0354758058746438,13.2285714285714,11.3571428571429,-0.736734693877549,0.803061224489797,FALSE
Campylobacteriosis,2014-06-01,722,8274608,30,0.290849628969332,18.3714285714286,13.2285714285714,-0.78979591836735,-0.736734693877549,FALSE
Salmonellosis,2014-06-01,85,8274608,30,0.0342412998094089,18.3714285714286,13.2285714285714,-0.78979591836735,-0.736734693877549,FALSE
Campylobacteriosis,2014-07-01,848,8274608,31,0.330587729469208,18.2428571428571,18.3714285714286,-2.61428571428571,-0.78979591836735,FALSE
Salmonellosis,2014-07-01,125,8274608,31,0.0487305025750601,18.2428571428571,18.3714285714286,-2.61428571428571,-0.78979591836735,FALSE
Campylobacteriosis,2014-08-01,957,8274608,31,0.37308072771466,17.1285714285714,18.2428571428571,-3.06836734693878,-2.61428571428571,FALSE
Salmonellosis,2014-08-01,211,8274608,31,0.0822570883467015,17.1285714285714,18.2428571428571,-3.06836734693878,-2.61428571428571,FALSE
Campylobacteriosis,2014-09-01,668,8274608,30,0.269096332619825,15.8428571428571,17.1285714285714,-0.0274725274725292,-3.06836734693878,FALSE
Salmonellosis,2014-09-01,133,8274608,30,0.0535775632311927,15.8428571428571,17.1285714285714,-0.0274725274725292,-3.06836734693878,FALSE
Campylobacteriosis,2014-10-01,620,8274608,31,0.241703292772298,13.0571428571429,15.8428571428571,1.47912087912088,-0.0274725274725292,FALSE
Salmonellosis,2014-10-01,141,8274608,31,0.0549680069046678,13.0571428571429,15.8428571428571,1.47912087912088,-0.0274725274725292,FALSE
Campylobacteriosis,2014-11-01,566,8274608,30,0.228006772848535,7.44285714285714,13.0571428571429,1.27582417582418,1.47912087912088,FALSE
Salmonellosis,2014-11-01,96,8274608,30,0.0386725268435677,7.44285714285714,13.0571428571429,1.27582417582418,1.47912087912088,FALSE
Campylobacteriosis,2014-12-01,588,8274608,31,0.229228284113083,3.7,7.44285714285714,0.495604395604396,1.27582417582418,FALSE
Salmonellosis,2014-12-01,64,8274608,31,0.0249500173184308,3.7,7.44285714285714,0.495604395604396,1.27582417582418,FALSE
Campylobacteriosis,2015-01-01,619,8362816,31,0.238768160575144,2.45714285714286,3.7,0.218367346938776,0.495604395604396,FALSE
Salmonellosis,2015-01-01,71,8362816,31,0.0273869780304285,2.45714285714286,3.7,0.218367346938776,0.495604395604396,FALSE
Campylobacteriosis,2015-02-01,254,8362816,28,0.108473372742251,0.828571428571429,2.45714285714286,-3.0469387755102,0.218367346938776,FALSE
Salmonellosis,2015-02-01,46,8362816,28,0.0196447840399351,0.828571428571429,2.45714285714286,-3.0469387755102,0.218367346938776,FALSE
Campylobacteriosis,2015-03-01,277,8362816,31,0.106847787527165,6.88571428571429,0.828571428571429,0.121428571428572,-3.0469387755102,FALSE
Salmonellosis,2015-03-01,65,8362816,31,0.0250725855208148,6.88571428571429,0.828571428571429,0.121428571428572,-3.0469387755102,FALSE
Campylobacteriosis,2015-04-01,363,8362816,30,0.144688105059348,10.6142857142857,6.88571428571429,0.0602040816326532,0.121428571428572,FALSE
Salmonellosis,2015-04-01,85,8362816,30,0.0338801347935113,10.6142857142857,6.88571428571429,0.0602040816326532,0.121428571428572,FALSE
Campylobacteriosis,2015-05-01,535,8362816,31,0.206366665440553,14.5571428571429,10.6142857142857,0.591836734693878,0.0602040816326532,FALSE
Salmonellosis,2015-05-01,80,8362816,31,0.030858566794849,14.5571428571429,10.6142857142857,0.591836734693878,0.0602040816326532,FALSE
Campylobacteriosis,2015-06-01,654,8362816,30,0.260677742999487,18.6857142857143,14.5571428571429,-0.475510204081637,0.591836734693878,FALSE
Salmonellosis,2015-06-01,85,8362816,30,0.0338801347935113,18.6857142857143,14.5571428571429,-0.475510204081637,0.591836734693878,FALSE
Campylobacteriosis,2015-07-01,783,8362816,31,0.302028222504585,22.9428571428571,18.6857142857143,2.08571428571429,-0.475510204081637,FALSE
Salmonellosis,2015-07-01,147,8362816,31,0.0567026164855351,22.9428571428571,18.6857142857143,2.08571428571429,-0.475510204081637,FALSE
Campylobacteriosis,2015-08-01,856,8362816,31,0.330186664704885,20.5142857142857,22.9428571428571,0.317346938775508,2.08571428571429,FALSE
Salmonellosis,2015-08-01,241,8362816,31,0.0929614324694827,20.5142857142857,22.9428571428571,0.317346938775508,2.08571428571429,FALSE
Campylobacteriosis,2015-09-01,701,8362816,30,0.279411464591194,13.9428571428571,20.5142857142857,-1.92747252747253,0.317346938775508,FALSE
Salmonellosis,2015-09-01,168,8362816,30,0.0669630899448224,13.9428571428571,20.5142857142857,-1.92747252747253,0.317346938775508,FALSE
Campylobacteriosis,2015-10-01,568,8362816,31,0.219095824243428,9.72857142857143,13.9428571428571,-1.84945054945055,-1.92747252747253,FALSE
Salmonellosis,2015-10-01,190,8362816,31,0.0732890961377665,9.72857142857143,13.9428571428571,-1.84945054945055,-1.92747252747253,FALSE
Campylobacteriosis,2015-11-01,485,8362816,30,0.193316063233565,7.75714285714286,9.72857142857143,1.59010989010989,-1.84945054945055,FALSE
Salmonellosis,2015-11-01,121,8362816,30,0.0482293683531161,7.75714285714286,9.72857142857143,1.59010989010989,-1.84945054945055,FALSE
Campylobacteriosis,2015-12-01,775,8362816,31,0.2989423658251,4.57142857142857,7.75714285714286,1.36703296703297,1.59010989010989,FALSE
Salmonellosis,2015-12-01,56,8362816,31,0.0216009967563943,4.57142857142857,7.75714285714286,1.36703296703297,1.59010989010989,FALSE
Campylobacteriosis,2016-01-01,817,8457360,31,0.311620159360337,3.21428571428571,4.57142857142857,0.975510204081633,1.36703296703297,FALSE
Salmonellosis,2016-01-01,87,8457360,31,0.0331835420616271,3.21428571428571,4.57142857142857,0.975510204081633,1.36703296703297,FALSE
Campylobacteriosis,2016-02-01,433,8457360,29,0.176544861313207,4.5,3.21428571428571,0.624489795918367,0.975510204081633,FALSE
Salmonellosis,2016-02-01,72,8457360,29,0.0293561894100482,4.5,3.21428571428571,0.624489795918367,0.975510204081633,FALSE
Campylobacteriosis,2016-03-01,424,8457360,31,0.16172209004747,5.34285714285714,4.5,-1.42142857142857,0.624489795918367,FALSE
Salmonellosis,2016-03-01,84,8457360,31,0.0320392819905365,5.34285714285714,4.5,-1.42142857142857,0.624489795918367,FALSE
Campylobacteriosis,2016-04-01,464,8457360,30,0.182878187361856,9.67142857142857,5.34285714285714,-0.88265306122449,-1.42142857142857,FALSE
Salmonellosis,2016-04-01,98,8457360,30,0.0386251343997024,9.67142857142857,5.34285714285714,-0.88265306122449,-1.42142857142857,FALSE
Campylobacteriosis,2016-05-01,619,8457360,31,0.236098994668358,13.2428571428571,9.67142857142857,-0.722448979591835,-0.88265306122449,FALSE
Salmonellosis,2016-05-01,104,8457360,31,0.0396676824644738,13.2428571428571,9.67142857142857,-0.722448979591835,-0.88265306122449,FALSE
Campylobacteriosis,2016-06-01,703,8457360,30,0.277076219214191,17.1571428571429,13.2428571428571,-2.00408163265306,-0.722448979591835,FALSE
Salmonellosis,2016-06-01,78,8457360,30,0.0307424539099672,17.1571428571429,13.2428571428571,-2.00408163265306,-0.722448979591835,FALSE
Campylobacteriosis,2016-07-01,863,8457360,31,0.329165480450393,20.2142857142857,17.1571428571429,-0.642857142857142,-2.00408163265306,FALSE
Salmonellosis,2016-07-01,126,8457360,31,0.0480589229858048,20.2142857142857,17.1571428571429,-0.642857142857142,-2.00408163265306,FALSE
Campylobacteriosis,2016-08-01,1086,8457360,31,0.414222145734794,19.6,20.2142857142857,-0.596938775510203,-0.642857142857142,FALSE
Salmonellosis,2016-08-01,282,8457360,31,0.107560446682515,19.6,20.2142857142857,-0.596938775510203,-0.642857142857142,FALSE
Campylobacteriosis,2016-09-01,841,8457360,30,0.331466714593364,17.3714285714286,19.6,1.5010989010989,-0.596938775510203,FALSE
Salmonellosis,2016-09-01,197,8457360,30,0.0776444028238915,17.3714285714286,19.6,1.5010989010989,-0.596938775510203,FALSE
Campylobacteriosis,2016-10-01,655,8457360,31,0.249830115521445,9.22857142857143,17.3714285714286,-2.34945054945055,1.5010989010989,FALSE
Salmonellosis,2016-10-01,161,8457360,31,0.061408623815195,9.22857142857143,17.3714285714286,-2.34945054945055,1.5010989010989,FALSE
Campylobacteriosis,2016-11-01,620,8457360,30,0.24436309518179,5.67142857142857,9.22857142857143,-0.495604395604396,-2.34945054945055,FALSE
Salmonellosis,2016-11-01,121,8457360,30,0.0476902169628978,5.67142857142857,9.22857142857143,-0.495604395604396,-2.34945054945055,FALSE
Campylobacteriosis,2016-12-01,550,8457360,31,0.209781013033275,1.42857142857143,5.67142857142857,-1.77582417582418,-0.495604395604396,FALSE
Salmonellosis,2016-12-01,110,8457360,31,0.041956202606655,1.42857142857143,5.67142857142857,-1.77582417582418,-0.495604395604396,FALSE
Campylobacteriosis,2017-01-01,537,8522244,31,0.203263138736245,-1.85714285714286,1.42857142857143,-4.09591836734694,-1.77582417582418,FALSE
Salmonellosis,2017-01-01,81,8522244,31,0.0306598030496012,-1.85714285714286,1.42857142857143,-4.09591836734694,-1.77582417582418,FALSE
Campylobacteriosis,2017-02-01,317,8522244,28,0.132845628116592,4.4,-1.85714285714286,0.524489795918368,-4.09591836734694,FALSE
Salmonellosis,2017-02-01,58,8522244,28,0.0243061401601335,4.4,-1.85714285714286,0.524489795918368,-4.09591836734694,FALSE
Campylobacteriosis,2017-03-01,446,8522244,31,0.168818174816322,8.81428571428572,4.4,2.05,0.524489795918368,FALSE
Salmonellosis,2017-03-01,72,8522244,31,0.0272531582663121,8.81428571428572,4.4,2.05,0.524489795918368,FALSE
Campylobacteriosis,2017-04-01,391,8522244,30,0.152933116363875,9.61428571428571,8.81428571428572,-0.939795918367347,2.05,FALSE
Salmonellosis,2017-04-01,86,8522244,30,0.0336374629342538,9.61428571428571,8.81428571428572,-0.939795918367347,2.05,FALSE
Campylobacteriosis,2017-05-01,552,8522244,31,0.208940880041726,15.0285714285714,9.61428571428571,1.06326530612245,-0.939795918367347,FALSE
Salmonellosis,2017-05-01,97,8522244,31,0.036716060442115,15.0285714285714,9.61428571428571,1.06326530612245,-0.939795918367347,FALSE
Campylobacteriosis,2017-06-01,725,8522244,30,0.283571635201558,20.2714285714286,15.0285714285714,1.11020408163265,1.06326530612245,FALSE
Salmonellosis,2017-06-01,124,8522244,30,0.0485005279517148,20.2714285714286,15.0285714285714,1.11020408163265,1.06326530612245,FALSE
Campylobacteriosis,2017-07-01,854,8522244,31,0.323252738325425,20.2285714285714,20.2714285714286,-0.62857142857143,1.11020408163265,FALSE
Salmonellosis,2017-07-01,219,8522244,31,0.0828950230600328,20.2285714285714,20.2714285714286,-0.62857142857143,1.11020408163265,FALSE
Campylobacteriosis,2017-08-01,1052,8522244,31,0.398198923557783,20.1571428571429,20.2285714285714,-0.0397959183673464,-0.62857142857143,FALSE
Salmonellosis,2017-08-01,408,8522244,31,0.154434563509102,20.1571428571429,20.2285714285714,-0.0397959183673464,-0.62857142857143,FALSE
Campylobacteriosis,2017-09-01,725,8522244,30,0.283571635201558,13.6714285714286,20.1571428571429,-2.1989010989011,-0.0397959183673464,FALSE
Salmonellosis,2017-09-01,294,8522244,30,0.114993187240356,13.6714285714286,20.1571428571429,-2.1989010989011,-0.0397959183673464,FALSE
Campylobacteriosis,2017-10-01,647,8522244,31,0.244899908309777,11.7142857142857,13.6714285714286,0.136263736263738,-2.1989010989011,FALSE
Salmonellosis,2017-10-01,196,8522244,31,0.0741891530582942,11.7142857142857,13.6714285714286,0.136263736263738,-2.1989010989011,FALSE
Campylobacteriosis,2017-11-01,557,8522244,30,0.217861242492783,5.31428571428571,11.7142857142857,-0.852747252747253,0.136263736263738,FALSE
Salmonellosis,2017-11-01,116,8522244,30,0.0453714616322493,5.31428571428571,11.7142857142857,-0.852747252747253,0.136263736263738,FALSE
Campylobacteriosis,2017-12-01,439,8522244,31,0.166168562207098,1.85714285714286,5.31428571428571,-1.34725274725275,-0.852747252747253,FALSE
Salmonellosis,2017-12-01,85,8522244,31,0.0321738673977296,1.85714285714286,5.31428571428571,-1.34725274725275,-0.852747252747253,FALSE
Campylobacteriosis,2018-01-01,556,8582905,31,0.20896752173032,5.14285714285714,1.85714285714286,2.90408163265306,-1.34725274725275,FALSE
Salmonellosis,2018-01-01,109,8582905,31,0.0409666544399369,5.14285714285714,1.85714285714286,2.90408163265306,-1.34725274725275,FALSE
Campylobacteriosis,2018-02-01,353,8582905,28,0.14688666433035,-0.171428571428571,5.14285714285714,-4.0469387755102,2.90408163265306,FALSE
Salmonellosis,2018-02-01,80,8582905,28,0.0332887624544703,-0.171428571428571,5.14285714285714,-4.0469387755102,2.90408163265306,FALSE
Campylobacteriosis,2018-03-01,344,8582905,31,0.129289258048975,4.5,-0.171428571428571,-2.26428571428571,-4.0469387755102,FALSE
Salmonellosis,2018-03-01,76,8582905,31,0.0285639058480294,4.5,-0.171428571428571,-2.26428571428571,-4.0469387755102,FALSE
Campylobacteriosis,2018-04-01,393,8582905,30,0.152628975853746,13.3,4.5,2.74591836734694,-2.26428571428571,FALSE
Salmonellosis,2018-04-01,73,8582905,30,0.0283509293570572,13.3,4.5,2.74591836734694,-2.26428571428571,FALSE
Campylobacteriosis,2018-05-01,580,8582905,31,0.217987702524435,15.4714285714286,13.3,1.50612244897959,2.74591836734694,FALSE
Salmonellosis,2018-05-01,112,8582905,31,0.0420941770392012,15.4714285714286,13.3,1.50612244897959,2.74591836734694,FALSE
Campylobacteriosis,2018-06-01,764,8582905,30,0.296713836010846,19.0285714285714,15.4714285714286,-0.132653061224492,1.50612244897959,FALSE
Salmonellosis,2018-06-01,102,8582905,30,0.0396136273208197,19.0285714285714,15.4714285714286,-0.132653061224492,1.50612244897959,FALSE
Campylobacteriosis,2018-07-01,1031,8582905,31,0.387491933280504,21.5714285714286,19.0285714285714,0.714285714285712,-0.132653061224492,FALSE
Salmonellosis,2018-07-01,140,8582905,31,0.0526177212990015,21.5714285714286,19.0285714285714,0.714285714285712,-0.132653061224492,FALSE
Campylobacteriosis,2018-08-01,1031,8582905,31,0.387491933280504,21.1,21.5714285714286,0.903061224489797,0.714285714285712,FALSE
Salmonellosis,2018-08-01,242,8582905,31,0.0909534896739883,21.1,21.5714285714286,0.903061224489797,0.714285714285712,FALSE
Campylobacteriosis,2018-09-01,741,8582905,30,0.287781351418896,17.0142857142857,21.1,1.14395604395604,0.903061224489797,FALSE
Salmonellosis,2018-09-01,173,8582905,30,0.0671878188872726,17.0142857142857,21.1,1.14395604395604,0.903061224489797,FALSE
Campylobacteriosis,2018-10-01,719,8582905,31,0.270229582957015,11.8142857142857,17.0142857142857,0.236263736263737,1.14395604395604,FALSE
Salmonellosis,2018-10-01,183,8582905,31,0.0687788785551234,11.8142857142857,17.0142857142857,0.236263736263737,1.14395604395604,FALSE
Campylobacteriosis,2018-11-01,635,8582905,30,0.246614248516868,6.32857142857143,11.8142857142857,0.161538461538461,0.236263736263737,FALSE
Salmonellosis,2018-11-01,97,8582905,30,0.0376717828443089,6.32857142857143,11.8142857142857,0.161538461538461,0.236263736263737,FALSE
Campylobacteriosis,2018-12-01,581,8582905,31,0.218363543390856,4.1,6.32857142857143,0.895604395604395,0.161538461538461,FALSE
Salmonellosis,2018-12-01,83,8582905,31,0.0311947919129795,4.1,6.32857142857143,0.895604395604395,0.161538461538461,FALSE
Campylobacteriosis,2019-01-01,604,8644780,31,0.225383074731132,1.14285714285714,4.1,-1.09591836734694,0.895604395604395,FALSE
Salmonellosis,2019-01-01,94,8644780,31,0.0350761738819973,1.14285714285714,4.1,-1.09591836734694,0.895604395604395,FALSE
Campylobacteriosis,2019-02-01,333,8644780,28,0.137572698702074,4.04285714285714,1.14285714285714,0.16734693877551,-1.09591836734694,FALSE
Salmonellosis,2019-02-01,69,8644780,28,0.0285060546860153,4.04285714285714,1.14285714285714,0.16734693877551,-1.09591836734694,FALSE
Campylobacteriosis,2019-03-01,379,8644780,31,0.141424147885925,7.64285714285714,4.04285714285714,0.878571428571429,0.16734693877551,FALSE
Salmonellosis,2019-03-01,78,8644780,31,0.0291057613063382,7.64285714285714,4.04285714285714,0.878571428571429,0.16734693877551,FALSE
Campylobacteriosis,2019-04-01,457,8644780,30,0.176214239498672,9.74285714285714,7.64285714285714,-0.811224489795917,0.878571428571429,FALSE
Salmonellosis,2019-04-01,92,8644780,30,0.0354742013870413,9.74285714285714,7.64285714285714,-0.811224489795917,0.878571428571429,FALSE
Campylobacteriosis,2019-05-01,546,8644780,31,0.203740329144367,11.5285714285714,9.74285714285714,-2.43673469387755,-0.811224489795917,FALSE
Salmonellosis,2019-05-01,116,8644780,31,0.0432854911735286,11.5285714285714,9.74285714285714,-2.43673469387755,-0.811224489795917,FALSE
Campylobacteriosis,2019-06-01,625,8644780,30,0.240993215944574,20.0142857142857,11.5285714285714,0.853061224489796,-2.43673469387755,FALSE
Salmonellosis,2019-06-01,108,8644780,30,0.0416436277152224,20.0142857142857,11.5285714285714,0.853061224489796,-2.43673469387755,FALSE
Campylobacteriosis,2019-07-01,831,8644780,31,0.310088303148296,21.5,20.0142857142857,0.642857142857142,0.853061224489796,FALSE
Salmonellosis,2019-07-01,156,8644780,31,0.0582115226126764,21.5,20.0142857142857,0.642857142857142,0.853061224489796,FALSE
Campylobacteriosis,2019-08-01,983,8644780,31,0.366807222617057,19.7,21.5,-0.496938775510206,0.642857142857142,FALSE
Salmonellosis,2019-08-01,258,8644780,31,0.0962729027825033,19.7,21.5,-0.496938775510206,0.642857142857142,FALSE
Campylobacteriosis,2019-09-01,702,8644780,30,0.270683580148945,15.9,19.7,0.0296703296703296,-0.496938775510206,FALSE
Salmonellosis,2019-09-01,165,8644780,30,0.0636222090093675,15.9,19.7,0.0296703296703296,-0.496938775510206,FALSE
Campylobacteriosis,2019-10-01,671,8644780,31,0.250384177391704,12.3857142857143,15.9,0.807692307692308,0.0296703296703296,FALSE
Salmonellosis,2019-10-01,182,8644780,31,0.0679134430481225,12.3857142857143,15.9,0.807692307692308,0.0296703296703296,FALSE
Campylobacteriosis,2019-11-01,579,8644780,30,0.223256115251053,5.92857142857143,12.3857142857143,-0.238461538461539,0.807692307692308,FALSE
Salmonellosis,2019-11-01,138,8644780,30,0.0532113020805619,5.92857142857143,12.3857142857143,-0.238461538461539,0.807692307692308,FALSE
Campylobacteriosis,2019-12-01,543,8644780,31,0.202620876786431,4.4,5.92857142857143,1.1956043956044,-0.238461538461539,FALSE
Salmonellosis,2019-12-01,87,8644780,31,0.0324641183801465,4.4,5.92857142857143,1.1956043956044,-0.238461538461539,FALSE
Campylobacteriosis,2020-01-01,590,8709355,31,0.218526608049805,2.91428571428571,4.4,0.675510204081633,1.1956043956044,FALSE
Salmonellosis,2020-01-01,87,8709355,31,0.0322234150853103,2.91428571428571,4.4,0.675510204081633,1.1956043956044,FALSE
Campylobacteriosis,2020-02-01,274,8709355,29,0.10848422026739,6.57142857142857,2.91428571428571,2.69591836734694,0.675510204081633,FALSE
Salmonellosis,2020-02-01,78,8709355,29,0.0308823692731987,6.57142857142857,2.91428571428571,2.69591836734694,0.675510204081633,FALSE
Campylobacteriosis,2020-03-01,226,8709355,31,0.0837068024055187,6.45714285714286,6.57142857142857,-0.307142857142857,2.69591836734694,TRUE
Salmonellosis,2020-03-01,50,8709355,31,0.0185192040720174,6.45714285714286,6.57142857142857,-0.307142857142857,2.69591836734694,TRUE
Campylobacteriosis,2020-04-01,160,8709355,30,0.0612368347981376,12.6142857142857,6.45714285714286,2.06020408163265,-0.307142857142857,TRUE
Salmonellosis,2020-04-01,46,8709355,30,0.0176055900044645,12.6142857142857,6.45714285714286,2.06020408163265,-0.307142857142857,TRUE
Campylobacteriosis,2020-05-01,335,8709355,31,0.124078667282517,14.4571428571429,12.6142857142857,0.491836734693878,2.06020408163265,TRUE
Salmonellosis,2020-05-01,58,8709355,31,0.0214822767235402,14.4571428571429,12.6142857142857,0.491836734693878,2.06020408163265,TRUE
Campylobacteriosis,2020-06-01,647,8709355,30,0.247626450714969,17.0857142857143,14.4571428571429,-2.07551020408163,0.491836734693878,TRUE
Salmonellosis,2020-06-01,79,8709355,30,0.0302356871815804,17.0857142857143,14.4571428571429,-2.07551020408163,0.491836734693878,TRUE
Campylobacteriosis,2020-07-01,871,8709355,31,0.322604534934543,20.6428571428571,17.0857142857143,-0.214285714285715,-2.07551020408163,TRUE
Salmonellosis,2020-07-01,135,8709355,31,0.050001850994447,20.6428571428571,17.0857142857143,-0.214285714285715,-2.07551020408163,TRUE
Campylobacteriosis,2020-08-01,934,8709355,31,0.345938732065285,20.3,20.6428571428571,0.103061224489796,-0.214285714285715,TRUE
Salmonellosis,2020-08-01,206,8709355,31,0.0762991207767117,20.3,20.6428571428571,0.103061224489796,-0.214285714285715,TRUE
Campylobacteriosis,2020-09-01,704,8709355,30,0.269442073111805,16.5285714285714,20.3,0.658241758241758,0.103061224489796,TRUE
Salmonellosis,2020-09-01,200,8709355,30,0.076546043497672,16.5285714285714,20.3,0.658241758241758,0.103061224489796,TRUE
Campylobacteriosis,2020-10-01,473,8709355,31,0.175191670521285,10.0142857142857,16.5285714285714,-1.56373626373626,0.658241758241758,TRUE
Salmonellosis,2020-10-01,130,8709355,31,0.0481499305872453,10.0142857142857,16.5285714285714,-1.56373626373626,0.658241758241758,TRUE
Campylobacteriosis,2020-11-01,371,8709355,30,0.141992910688181,6.45714285714286,10.0142857142857,0.29010989010989,-1.56373626373626,TRUE
Salmonellosis,2020-11-01,90,8709355,30,0.0344457195739524,6.45714285714286,10.0142857142857,0.29010989010989,-1.56373626373626,TRUE
Campylobacteriosis,2020-12-01,457,8709355,31,0.169265525218239,3.01428571428571,6.45714285714286,-0.19010989010989,0.29010989010989,TRUE
Salmonellosis,2020-12-01,90,8709355,31,0.0333345673296313,3.01428571428571,6.45714285714286,-0.19010989010989,0.29010989010989,TRUE
Campylobacteriosis,2021-01-01,539,8778099,31,0.198073600835369,1.4,3.01428571428571,-0.838775510204082,-0.19010989010989,TRUE
Salmonellosis,2021-01-01,65,8778099,31,0.0238864268168813,1.4,3.01428571428571,-0.838775510204082,-0.19010989010989,TRUE
Campylobacteriosis,2021-02-01,331,8778099,28,0.134669574487922,4.65714285714286,1.4,0.781632653061225,-0.838775510204082,TRUE
Salmonellosis,2021-02-01,60,8778099,28,0.0244114032304391,4.65714285714286,1.4,0.781632653061225,-0.838775510204082,TRUE
Campylobacteriosis,2021-03-01,307,8778099,31,0.112817431273578,6.17142857142857,4.65714285714286,-0.592857142857143,0.781632653061225,TRUE
Salmonellosis,2021-03-01,65,8778099,31,0.0238864268168813,6.17142857142857,4.65714285714286,-0.592857142857143,0.781632653061225,TRUE
Campylobacteriosis,2021-04-01,252,8778099,30,0.0956927006633213,8.41428571428572,6.17142857142857,-2.13979591836735,-0.592857142857143,TRUE
Salmonellosis,2021-04-01,74,8778099,30,0.0281002374963721,8.41428571428572,6.17142857142857,-2.13979591836735,-0.592857142857143,TRUE
Campylobacteriosis,2021-05-01,485,8778099,31,0.178229492402883,11.6714285714286,8.41428571428572,-2.29387755102041,-2.13979591836735,TRUE
Salmonellosis,2021-05-01,101,8778099,31,0.0371158324385386,11.6714285714286,8.41428571428572,-2.29387755102041,-2.13979591836735,TRUE
Campylobacteriosis,2021-06-01,642,8778099,30,0.243788546927985,19.4714285714286,11.6714285714286,0.310204081632651,-2.29387755102041,TRUE
Salmonellosis,2021-06-01,120,8778099,30,0.0455679526968197,19.4714285714286,11.6714285714286,0.310204081632651,-2.29387755102041,TRUE
Campylobacteriosis,2021-07-01,904,8778099,31,0.332205074499395,18.7857142857143,19.4714285714286,-2.07142857142857,0.310204081632651,FALSE
Salmonellosis,2021-07-01,182,8778099,31,0.0668819950872676,18.7857142857143,19.4714285714286,-2.07142857142857,0.310204081632651,FALSE
Campylobacteriosis,2021-08-01,953,8778099,31,0.350211765484429,18.1,18.7857142857143,-2.0969387755102,-2.07142857142857,FALSE
Salmonellosis,2021-08-01,290,8778099,31,0.10657021195224,18.1,18.7857142857143,-2.0969387755102,-2.07142857142857,FALSE
Campylobacteriosis,2021-09-01,700,8778099,30,0.265813057398115,16.6428571428571,18.1,0.772527472527472,-2.0969387755102,FALSE
Salmonellosis,2021-09-01,198,8778099,30,0.0751871219497524,16.6428571428571,18.1,0.772527472527472,-2.0969387755102,FALSE
Campylobacteriosis,2021-10-01,563,8778099,31,0.206893204583141,9.98571428571429,16.6428571428571,-1.59230769230769,0.772527472527472,FALSE
Salmonellosis,2021-10-01,174,8778099,31,0.0639421271713437,9.98571428571429,16.6428571428571,-1.59230769230769,0.772527472527472,FALSE
Campylobacteriosis,2021-11-01,460,8778099,30,0.174677152004475,4.6,9.98571428571429,-1.56703296703297,-1.59230769230769,FALSE
Salmonellosis,2021-11-01,97,8778099,30,0.0368340950965959,4.6,9.98571428571429,-1.56703296703297,-1.59230769230769,FALSE
Campylobacteriosis,2021-12-01,666,8778099,31,0.24474400400066,2.9,4.6,-0.304395604395605,-1.56703296703297,FALSE
Salmonellosis,2021-12-01,58,8778099,31,0.0213140423904479,2.9,4.6,-0.304395604395605,-1.56703296703297,FALSE
Campylobacteriosis,2022-01-01,680,8855062,31,0.247716886352323,2.07142857142857,2.9,-0.16734693877551,-0.304395604395605,FALSE
Salmonellosis,2022-01-01,82,8855062,31,0.0298717421777801,2.07142857142857,2.9,-0.16734693877551,-0.304395604395605,FALSE
Campylobacteriosis,2022-02-01,344,8855062,28,0.138742272902373,4.92857142857143,2.07142857142857,1.0530612244898,-0.16734693877551,FALSE
Salmonellosis,2022-02-01,54,8855062,28,0.0217793102811864,4.92857142857143,2.07142857142857,1.0530612244898,-0.16734693877551,FALSE
Campylobacteriosis,2022-03-01,435,8855062,31,0.158465949357736,7.08571428571429,4.92857142857143,0.321428571428571,1.0530612244898,FALSE
Salmonellosis,2022-03-01,78,8855062,31,0.0284145840227665,7.08571428571429,4.92857142857143,0.321428571428571,1.0530612244898,FALSE
Campylobacteriosis,2022-04-01,405,8855062,30,0.152455171968305,9.7,7.08571428571429,-0.854081632653061,0.321428571428571,FALSE
Salmonellosis,2022-04-01,92,8855062,30,0.0346317921508248,9.7,7.08571428571429,-0.854081632653061,0.321428571428571,FALSE
Campylobacteriosis,2022-05-01,519,8855062,31,0.189066270613023,16.5428571428571,9.7,2.57755102040817,-0.854081632653061,FALSE
Salmonellosis,2022-05-01,152,8855062,31,0.0553720098905193,16.5428571428571,9.7,2.57755102040817,-0.854081632653061,FALSE
Campylobacteriosis,2022-06-01,816,8855062,30,0.307168939076881,20.1714285714286,16.5428571428571,1.01020408163265,2.57755102040817,FALSE
Salmonellosis,2022-06-01,157,8855062,30,0.0590999061704292,20.1714285714286,16.5428571428571,1.01020408163265,2.57755102040817,FALSE
Campylobacteriosis,2022-07-01,1021,8855062,31,0.371939619067238,21.9857142857143,20.1714285714286,1.12857142857143,1.01020408163265,FALSE
Salmonellosis,2022-07-01,212,8855062,31,0.0772293822157242,21.9857142857143,20.1714285714286,1.12857142857143,1.01020408163265,FALSE
Campylobacteriosis,2022-08-01,1039,8855062,31,0.378496830764799,21.0428571428571,21.9857142857143,0.845918367346936,1.12857142857143,FALSE
Salmonellosis,2022-08-01,334,8855062,31,0.121672705943641,21.0428571428571,21.9857142857143,0.845918367346936,1.12857142857143,FALSE
Campylobacteriosis,2022-09-01,663,8855062,30,0.249574762999965,15,21.0428571428571,-0.870329670329671,0.845918367346936,FALSE
Salmonellosis,2022-09-01,241,8855062,30,0.0907202381342258,15,21.0428571428571,-0.870329670329671,0.845918367346936,FALSE
Campylobacteriosis,2022-10-01,606,8855062,31,0.22075946048457,14.2285714285714,15,2.65054945054945,-0.870329670329671,FALSE
Salmonellosis,2022-10-01,213,8855062,31,0.0775936717544777,14.2285714285714,15,2.65054945054945,-0.870329670329671,FALSE
Campylobacteriosis,2022-11-01,595,8855062,30,0.223977351410225,7.71428571428571,14.2285714285714,1.54725274725275,2.65054945054945,FALSE
Salmonellosis,2022-11-01,137,8855062,30,0.0515712557028586,7.71428571428571,14.2285714285714,1.54725274725275,2.65054945054945,FALSE
Campylobacteriosis,2022-12-01,522,8855062,31,0.190159139229283,3.44285714285714,7.71428571428571,0.238461538461538,1.54725274725275,FALSE
Salmonellosis,2022-12-01,92,8855062,31,0.0335146375653143,3.44285714285714,7.71428571428571,0.238461538461538,1.54725274725275,FALSE
Campylobacteriosis,2023-01-01,575,9002273,31,0.206041153126263,3.2,3.44285714285714,0.961224489795919,0.238461538461538,FALSE
Salmonellosis,2023-01-01,114,9002273,31,0.0408498981850329,3.2,3.44285714285714,0.961224489795919,0.238461538461538,FALSE
Campylobacteriosis,2023-02-01,309,9002273,28,0.122588087316551,3.97142857142857,3.2,0.0959183673469388,0.961224489795919,FALSE
Salmonellosis,2023-02-01,76,9002273,28,0.0301511153270481,3.97142857142857,3.2,0.0959183673469388,0.961224489795919,FALSE
Campylobacteriosis,2023-03-01,338,9002273,31,0.12111636479422,7.65714285714286,3.97142857142857,0.892857142857143,0.0959183673469388,FALSE
Salmonellosis,2023-03-01,84,9002273,31,0.0300999249784453,7.65714285714286,3.97142857142857,0.892857142857143,0.0959183673469388,FALSE
Campylobacteriosis,2023-04-01,330,9002273,30,0.122191362114879,9.05714285714286,7.65714285714286,-1.4969387755102,0.892857142857143,FALSE
Salmonellosis,2023-04-01,99,9002273,30,0.0366574086344638,9.05714285714286,7.65714285714286,-1.4969387755102,0.892857142857143,FALSE
Campylobacteriosis,2023-05-01,466,9002273,31,0.166982917142328,14.4285714285714,9.05714285714286,0.46326530612245,-1.4969387755102,FALSE
Salmonellosis,2023-05-01,131,9002273,31,0.0469415496687659,14.4285714285714,9.05714285714286,0.46326530612245,-1.4969387755102,FALSE
Campylobacteriosis,2023-06-01,591,9002273,30,0.218833621242102,20.2857142857143,14.4285714285714,1.12448979591836,0.46326530612245,FALSE
Salmonellosis,2023-06-01,126,9002273,30,0.0466548837165902,20.2857142857143,14.4285714285714,1.12448979591836,0.46326530612245,FALSE
Campylobacteriosis,2023-07-01,724,9002273,31,0.259432686718981,21.0714285714286,20.2857142857143,0.214285714285712,1.12448979591836,FALSE
Salmonellosis,2023-07-01,190,9002273,31,0.0680831636417216,21.0714285714286,20.2857142857143,0.214285714285712,1.12448979591836,FALSE
Campylobacteriosis,2023-08-01,875,9002273,31,0.313540885192139,20.7142857142857,21.0714285714286,0.517346938775511,0.214285714285712,FALSE
Salmonellosis,2023-08-01,305,9002273,31,0.109291394266974,20.7142857142857,21.0714285714286,0.517346938775511,0.214285714285712,FALSE
Campylobacteriosis,2023-09-01,668,9002273,30,0.247344939068907,18.6,20.7142857142857,2.72967032967033,0.517346938775511,FALSE
Salmonellosis,2023-09-01,278,9002273,30,0.102936965660413,18.6,20.7142857142857,2.72967032967033,0.517346938775511,FALSE
Campylobacteriosis,2023-10-01,657,9002273,31,0.235424413224269,13.5857142857143,18.6,2.00769230769231,2.72967032967033,FALSE
Salmonellosis,2023-10-01,222,9002273,31,0.0795498017287483,13.5857142857143,18.6,2.00769230769231,2.72967032967033,FALSE
Campylobacteriosis,2023-11-01,565,9002273,30,0.209206423014869,6.48571428571429,13.5857142857143,0.318681318681318,2.00769230769231,FALSE
Salmonellosis,2023-11-01,113,9002273,30,0.0418412846029738,6.48571428571429,13.5857142857143,0.318681318681318,2.00769230769231,FALSE
Campylobacteriosis,2023-12-01,686,9002273,31,0.245816053990637,4.52857142857143,6.48571428571429,1.32417582417582,0.318681318681318,FALSE
Salmonellosis,2023-12-01,85,9002273,31,0.0304582574186649,4.52857142857143,6.48571428571429,1.32417582417582,0.318681318681318,FALSE
Campylobacteriosis,2024-01-01,716,9091915,31,0.254036407000598,2.94285714285714,4.52857142857143,0.704081632653062,1.32417582417582,FALSE
Salmonellosis,2024-01-01,87,9091915,31,0.0308675522472793,2.94285714285714,4.52857142857143,0.704081632653062,1.32417582417582,FALSE
Campylobacteriosis,2024-02-01,432,9091915,29,0.163843939633597,7,2.94285714285714,3.12448979591837,0.704081632653062,FALSE
Salmonellosis,2024-02-01,97,9091915,29,0.036789032741803,7,2.94285714285714,3.12448979591837,0.704081632653062,FALSE
Campylobacteriosis,2024-03-01,442,9091915,31,0.156821357394224,8.45714285714286,7,1.69285714285714,3.12448979591837,FALSE
Salmonellosis,2024-03-01,95,9091915,31,0.0337059478562245,8.45714285714286,7,1.69285714285714,3.12448979591837,FALSE
Campylobacteriosis,2024-04-01,531,9091915,30,0.194678458828531,10.4857142857143,8.45714285714286,-0.0683673469387749,1.69285714285714,FALSE
Salmonellosis,2024-04-01,127,9091915,30,0.0465615146350723,10.4857142857143,8.45714285714286,-0.0683673469387749,1.69285714285714,FALSE
Campylobacteriosis,2024-05-01,681,9091915,31,0.241618426211462,14.0571428571429,10.4857142857143,0.091836734693878,-0.0683673469387749,FALSE
Salmonellosis,2024-05-01,128,9091915,31,0.0454143297431236,14.0571428571429,10.4857142857143,0.091836734693878,-0.0683673469387749,FALSE
Campylobacteriosis,2024-06-01,834,9091915,30,0.305766166973624,18.0571428571429,14.0571428571429,-1.10408163265306,0.091836734693878,FALSE
Salmonellosis,2024-06-01,124,9091915,30,0.045461636336606,18.0571428571429,14.0571428571429,-1.10408163265306,0.091836734693878,FALSE
Campylobacteriosis,2024-07-01,958,9091915,31,0.339897874171191,20.8571428571429,18.0571428571429,0,-1.10408163265306,FALSE
Salmonellosis,2024-07-01,221,9091915,31,0.0784106786971119,20.8571428571429,18.0571428571429,0,-1.10408163265306,FALSE
Campylobacteriosis,2024-08-01,1118,9091915,31,0.396665786350095,21.7285714285714,20.8571428571429,1.53163265306122,0,FALSE
Salmonellosis,2024-08-01,437,9091915,31,0.155047360138633,21.7285714285714,20.8571428571429,1.53163265306122,0,FALSE
Campylobacteriosis,2024-09-01,804,9091915,30,0.294767383988962,14.9571428571429,21.7285714285714,-0.913186813186813,1.53163265306122,FALSE
Salmonellosis,2024-09-01,334,9091915,30,0.122453117229245,14.9571428571429,21.7285714285714,-0.913186813186813,1.53163265306122,FALSE
Campylobacteriosis,2024-10-01,767,9091915,31,0.272131179007623,12.1571428571429,14.9571428571429,0.579120879120879,-0.913186813186813,FALSE
Salmonellosis,2024-10-01,342,9091915,31,0.121341412282408,12.1571428571429,14.9571428571429,0.579120879120879,-0.913186813186813,FALSE
Campylobacteriosis,2024-11-01,534,9091915,30,0.195778337126997,5.88571428571429,12.1571428571429,-0.281318681318681,0.579120879120879,FALSE
Salmonellosis,2024-11-01,183,9091915,30,0.0670925762064428,5.88571428571429,12.1571428571429,-0.281318681318681,0.579120879120879,FALSE
Campylobacteriosis,2024-12-01,543,9091915,31,0.192656101957157,2.45714285714286,5.88571428571429,-0.747252747252747,-0.281318681318681,FALSE
Salmonellosis,2024-12-01,88,9091915,31,0.0312223516983975,2.45714285714286,5.88571428571429,-0.747252747252747,-0.281318681318681,FALSE
Campylobacteriosis,2025-01-01,524,9091915,31,0.185914912385912,2.87142857142857,2.45714285714286,0.63265306122449,-0.747252747252747,FALSE
Salmonellosis,2025-01-01,147,9091915,31,0.0521555193143685,2.87142857142857,2.45714285714286,0.63265306122449,-0.747252747252747,FALSE
Campylobacteriosis,2025-02-01,322,9091915,28,0.126486004323622,3.54285714285714,2.87142857142857,-0.33265306122449,0.63265306122449,FALSE
Salmonellosis,2025-02-01,100,9091915,28,0.039281367802367,3.54285714285714,2.87142857142857,-0.33265306122449,0.63265306122449,FALSE
Campylobacteriosis,2025-03-01,377,9091915,31,0.133759393071544,7.62857142857143,3.54285714285714,0.864285714285715,-0.33265306122449,FALSE
Salmonellosis,2025-03-01,121,9091915,31,0.0429307335852965,7.62857142857143,3.54285714285714,0.864285714285715,-0.33265306122449,FALSE
Campylobacteriosis,2025-04-01,387,9091915,30,0.141884300502149,11.5142857142857,7.62857142857143,0.960204081632654,0.864285714285715,FALSE
Salmonellosis,2025-04-01,131,9091915,30,0.0480280190330273,11.5142857142857,7.62857142857143,0.960204081632654,0.864285714285715,FALSE
Campylobacteriosis,2025-05-01,646,9091915,31,0.229200445422327,14.3,11.5142857142857,0.33469387755102,0.960204081632654,FALSE
Salmonellosis,2025-05-01,177,9091915,31,0.0627995028479131,14.3,11.5142857142857,0.33469387755102,0.960204081632654,FALSE
Campylobacteriosis,2025-06-01,870,9091915,30,0.31896470655522,21.2428571428571,14.3,2.08163265306122,0.33469387755102,FALSE
Salmonellosis,2025-06-01,180,9091915,30,0.0659926979079765,21.2428571428571,14.3,2.08163265306122,0.33469387755102,FALSE
Campylobacteriosis,2025-07-01,1167,9091915,31,0.414050959454885,19.6285714285714,21.2428571428571,-1.22857142857143,2.08163265306122,FALSE
Salmonellosis,2025-07-01,246,9091915,31,0.0872806649750657,19.6285714285714,21.2428571428571,-1.22857142857143,2.08163265306122,FALSE
Campylobacteriosis,2025-08-01,1252,9091915,31,0.444208912799928,20.3428571428571,19.6285714285714,0.145918367346937,-1.22857142857143,FALSE
Salmonellosis,2025-08-01,374,9091915,31,0.132694994718189,20.3428571428571,19.6285714285714,0.145918367346937,-1.22857142857143,FALSE
Campylobacteriosis,2025-09-01,987,9091915,30,0.361859960195404,15.3714285714286,20.3428571428571,-0.498901098901099,0.145918367346937,FALSE
Salmonellosis,2025-09-01,297,9091915,30,0.108887951548161,15.3714285714286,20.3428571428571,-0.498901098901099,0.145918367346937,FALSE
Campylobacteriosis,2025-10-01,814,9091915,31,0.288806753210177,10.5714285714286,15.3714285714286,-1.00659340659341,-0.498901098901099,FALSE
Salmonellosis,2025-10-01,249,9091915,31,0.0883450633284201,10.5714285714286,15.3714285714286,-1.00659340659341,-0.498901098901099,FALSE
Campylobacteriosis,2025-11-01,691,9091915,30,0.253338634746732,5.55714285714286,10.5714285714286,-0.60989010989011,-1.00659340659341,FALSE
Salmonellosis,2025-11-01,147,9091915,30,0.0538940366248475,5.55714285714286,10.5714285714286,-0.60989010989011,-1.00659340659341,FALSE
Campylobacteriosis,2025-12-01,679,9091915,31,0.240908827309226,3.17142857142857,5.55714285714286,-0.0329670329670333,-0.60989010989011,FALSE
Salmonellosis,2025-12-01,119,9091915,31,0.0422211346830602,3.17142857142857,5.55714285714286,-0.0329670329670333,-0.60989010989011,FALSE
Campylobacteriosis,2026-01-01,740,9091674,31,0.2625585534846,1.08571428571429,3.17142857142857,-1.1530612244898,-0.0329670329670333,FALSE
Salmonellosis,2026-01-01,122,9091674,31,0.043286680439353,1.08571428571429,3.17142857142857,-1.1530612244898,-0.0329670329670333,FALSE
Campylobacteriosis,2026-02-01,439,9091674,28,0.172449775790151,5.81428571428571,1.08571428571429,1.93877551020408,-1.1530612244898,FALSE
Salmonellosis,2026-02-01,89,9091674,28,0.0349613440667959,5.81428571428571,1.08571428571429,1.93877551020408,-1.1530612244898,FALSE
Campylobacteriosis,2026-03-01,510,9091674,31,0.180952516590738,6.97142857142857,5.81428571428571,0.207142857142857,1.93877551020408,FALSE
Salmonellosis,2026-03-01,120,9091674,31,0.0425770627272325,6.97142857142857,5.81428571428571,0.207142857142857,1.93877551020408,FALSE
Campylobacteriosis,2026-04-01,563,9091674,30,0.206415965493997,12.1714285714286,6.97142857142857,1.61734693877551,0.207142857142857,FALSE
Salmonellosis,2026-04-01,141,9091674,30,0.0516956503279814,12.1714285714286,6.97142857142857,1.61734693877551,0.207142857142857,FALSE
Campylobacteriosis,2026-05-01,851,9091674,31,0.30194233650729,15.4857142857143,12.1714285714286,1.52040816326531,1.61734693877551,FALSE
Salmonellosis,2026-05-01,126,9091674,31,0.0447059158635941,15.4857142857143,12.1714285714286,1.52040816326531,1.61734693877551,FALSE
Campylobacteriosis,2026-06-01,1096,9091674,30,0.401832856450125,21.5571428571429,15.4857142857143,2.39591836734694,1.52040816326531,FALSE
Salmonellosis,2026-06-01,170,9091674,30,0.0623280890479208,21.5571428571429,15.4857142857143,2.39591836734694,1.52040816326531,FALSE
Campylobacteriosis,2026-07-01,1280,9091674,31,0.454155335757146,23.2142857142857,21.5571428571429,2.35714285714286,2.39591836734694,FALSE
Salmonellosis,2026-07-01,290,9091674,31,0.102894568257478,23.2142857142857,21.5571428571429,2.35714285714286,2.39591836734694,FALSE
Campylobacteriosis,2026-08-01,1392,9091674,31,0.493893927635896,22.9714285714286,23.2142857142857,2.77448979591837,2.35714285714286,FALSE
Salmonellosis,2026-08-01,555,9091674,31,0.19691891511345,22.9714285714286,23.2142857142857,2.77448979591837,2.35714285714286,FALSE
