valueCategory,temporal,temporal_type,georegion,georegion_type,agegroup,agegroup_type,sex,value,pop,incValue,valueYearCumSum,valueMean3y,trend,prct,deltaValue,deltaIncValue,incValuePrctChange,valueMean5y,dataComplete
cases,2013-M01,month,CHFL,CHFL,all,agegroup_food,all,810,8176573,9.91,810,NA,NA,NA,NA,NA,NA,NA,TRUE
cases,2013-M02,month,CHFL,CHFL,all,agegroup_food,all,339,8176573,4.15,1149,NA,NA,NA,NA,NA,NA,NA,TRUE
cases,2013-M03,month,CHFL,CHFL,all,agegroup_food,all,299,8176573,3.66,1448,NA,NA,NA,NA,NA,NA,NA,TRUE
cases,2013-M04,month,CHFL,CHFL,all,agegroup_food,all,405,8176573,4.95,1853,NA,stagnant,NA,NA,NA,NA,NA,TRUE
cases,2013-M05,month,CHFL,CHFL,all,agegroup_food,all,488,8176573,5.97,2341,NA,rising,NA,NA,NA,NA,NA,TRUE
cases,2013-M06,month,CHFL,CHFL,all,agegroup_food,all,683,8176573,8.35,3024,NA,rising,NA,NA,NA,NA,NA,TRUE
cases,2013-M07,month,CHFL,CHFL,all,agegroup_food,all,784,8176573,9.59,3808,NA,rising,NA,NA,NA,NA,NA,TRUE
cases,2013-M08,month,CHFL,CHFL,all,agegroup_food,all,862,8176573,10.54,4670,NA,rising,NA,NA,NA,NA,NA,TRUE
cases,2013-M09,month,CHFL,CHFL,all,agegroup_food,all,745,8176573,9.11,5415,NA,stagnant,NA,NA,NA,NA,NA,TRUE
cases,2013-M10,month,CHFL,CHFL,all,agegroup_food,all,743,8176573,9.09,6158,NA,stagnant,NA,NA,NA,NA,NA,TRUE
cases,2013-M11,month,CHFL,CHFL,all,agegroup_food,all,611,8176573,7.47,6769,NA,falling,NA,NA,NA,NA,NA,TRUE
cases,2013-M12,month,CHFL,CHFL,all,agegroup_food,all,782,8176573,9.56,7551,NA,stagnant,NA,NA,NA,NA,NA,TRUE
cases,2014-M01,month,CHFL,CHFL,all,agegroup_food,all,779,8274608,9.41,779,NA,stagnant,NA,NA,NA,NA,NA,TRUE
cases,2014-M02,month,CHFL,CHFL,all,agegroup_food,all,400,8274608,4.83,1179,NA,stagnant,NA,NA,NA,NA,NA,TRUE
cases,2014-M03,month,CHFL,CHFL,all,agegroup_food,all,420,8274608,5.08,1599,NA,falling,NA,NA,NA,NA,NA,TRUE
cases,2014-M04,month,CHFL,CHFL,all,agegroup_food,all,457,8274608,5.52,2056,NA,stagnant,NA,NA,NA,NA,NA,TRUE
cases,2014-M05,month,CHFL,CHFL,all,agegroup_food,all,521,8274608,6.3,2577,NA,rising,NA,NA,NA,NA,NA,TRUE
cases,2014-M06,month,CHFL,CHFL,all,agegroup_food,all,722,8274608,8.73,3299,NA,rising,NA,NA,NA,NA,NA,TRUE
cases,2014-M07,month,CHFL,CHFL,all,agegroup_food,all,848,8274608,10.25,4147,NA,rising,NA,NA,NA,NA,NA,TRUE
cases,2014-M08,month,CHFL,CHFL,all,agegroup_food,all,957,8274608,11.57,5104,NA,rising,NA,NA,NA,NA,NA,TRUE
cases,2014-M09,month,CHFL,CHFL,all,agegroup_food,all,668,8274608,8.07,5772,NA,stagnant,NA,NA,NA,NA,NA,TRUE
cases,2014-M10,month,CHFL,CHFL,all,agegroup_food,all,620,8274608,7.49,6392,NA,falling,NA,NA,NA,NA,NA,TRUE
cases,2014-M11,month,CHFL,CHFL,all,agegroup_food,all,566,8274608,6.84,6958,NA,falling,NA,NA,NA,NA,NA,TRUE
cases,2014-M12,month,CHFL,CHFL,all,agegroup_food,all,588,8274608,7.11,7546,NA,falling,NA,NA,NA,NA,NA,TRUE
cases,2015-M01,month,CHFL,CHFL,all,agegroup_food,all,619,8362816,7.4,619,NA,stagnant,NA,NA,NA,NA,NA,TRUE
cases,2015-M02,month,CHFL,CHFL,all,agegroup_food,all,254,8362816,3.04,873,NA,stagnant,NA,NA,NA,NA,NA,TRUE
cases,2015-M03,month,CHFL,CHFL,all,agegroup_food,all,277,8362816,3.31,1150,NA,falling,NA,NA,NA,NA,NA,TRUE
cases,2015-M04,month,CHFL,CHFL,all,agegroup_food,all,363,8362816,4.34,1513,NA,stagnant,NA,NA,NA,NA,NA,TRUE
cases,2015-M05,month,CHFL,CHFL,all,agegroup_food,all,535,8362816,6.4,2048,NA,rising,NA,NA,NA,NA,NA,TRUE
cases,2015-M06,month,CHFL,CHFL,all,agegroup_food,all,654,8362816,7.82,2702,NA,rising,NA,NA,NA,NA,NA,TRUE
cases,2015-M07,month,CHFL,CHFL,all,agegroup_food,all,783,8362816,9.36,3485,NA,rising,NA,NA,NA,NA,NA,TRUE
cases,2015-M08,month,CHFL,CHFL,all,agegroup_food,all,856,8362816,10.24,4341,NA,rising,NA,NA,NA,NA,NA,TRUE
cases,2015-M09,month,CHFL,CHFL,all,agegroup_food,all,701,8362816,8.38,5042,NA,stagnant,NA,NA,NA,NA,NA,TRUE
cases,2015-M10,month,CHFL,CHFL,all,agegroup_food,all,568,8362816,6.79,5610,NA,falling,NA,NA,NA,NA,NA,TRUE
cases,2015-M11,month,CHFL,CHFL,all,agegroup_food,all,485,8362816,5.8,6095,NA,falling,NA,NA,NA,NA,NA,TRUE
cases,2015-M12,month,CHFL,CHFL,all,agegroup_food,all,775,8362816,9.27,6870,NA,stagnant,NA,NA,NA,NA,NA,TRUE
cases,2016-M01,month,CHFL,CHFL,all,agegroup_food,all,817,8457360,9.66,817,NA,rising,NA,NA,NA,NA,NA,TRUE
cases,2016-M02,month,CHFL,CHFL,all,agegroup_food,all,433,8457360,5.12,1250,NA,stagnant,NA,NA,NA,NA,NA,TRUE
cases,2016-M03,month,CHFL,CHFL,all,agegroup_food,all,424,8457360,5.01,1674,NA,falling,NA,NA,NA,NA,NA,TRUE
cases,2016-M04,month,CHFL,CHFL,all,agegroup_food,all,464,8457360,5.49,2138,NA,falling,NA,NA,NA,NA,NA,TRUE
cases,2016-M05,month,CHFL,CHFL,all,agegroup_food,all,619,8457360,7.32,2757,NA,rising,NA,NA,NA,NA,NA,TRUE
cases,2016-M06,month,CHFL,CHFL,all,agegroup_food,all,703,8457360,8.31,3460,NA,rising,NA,NA,NA,NA,NA,TRUE
cases,2016-M07,month,CHFL,CHFL,all,agegroup_food,all,863,8457360,10.2,4323,NA,rising,NA,NA,NA,NA,NA,TRUE
cases,2016-M08,month,CHFL,CHFL,all,agegroup_food,all,1086,8457360,12.84,5409,NA,rising,NA,NA,NA,NA,NA,TRUE
cases,2016-M09,month,CHFL,CHFL,all,agegroup_food,all,841,8457360,9.94,6250,NA,stagnant,NA,NA,NA,NA,NA,TRUE
cases,2016-M10,month,CHFL,CHFL,all,agegroup_food,all,655,8457360,7.74,6905,NA,stagnant,NA,NA,NA,NA,NA,TRUE
cases,2016-M11,month,CHFL,CHFL,all,agegroup_food,all,620,8457360,7.33,7525,NA,falling,NA,NA,NA,NA,NA,TRUE
cases,2016-M12,month,CHFL,CHFL,all,agegroup_food,all,550,8457360,6.5,8075,NA,falling,NA,NA,NA,NA,NA,TRUE
cases,2017-M01,month,CHFL,CHFL,all,agegroup_food,all,537,8522244,6.3,537,NA,falling,NA,NA,NA,NA,NA,TRUE
cases,2017-M02,month,CHFL,CHFL,all,agegroup_food,all,317,8522244,3.72,854,NA,falling,NA,NA,NA,NA,NA,TRUE
cases,2017-M03,month,CHFL,CHFL,all,agegroup_food,all,446,8522244,5.23,1300,NA,stagnant,NA,NA,NA,NA,NA,TRUE
cases,2017-M04,month,CHFL,CHFL,all,agegroup_food,all,391,8522244,4.59,1691,NA,stagnant,NA,NA,NA,NA,NA,TRUE
cases,2017-M05,month,CHFL,CHFL,all,agegroup_food,all,552,8522244,6.48,2243,NA,rising,NA,NA,NA,NA,NA,TRUE
cases,2017-M06,month,CHFL,CHFL,all,agegroup_food,all,725,8522244,8.51,2968,NA,rising,NA,NA,NA,NA,NA,TRUE
cases,2017-M07,month,CHFL,CHFL,all,agegroup_food,all,854,8522244,10.02,3822,NA,rising,NA,NA,NA,NA,NA,TRUE
cases,2017-M08,month,CHFL,CHFL,all,agegroup_food,all,1052,8522244,12.34,4874,NA,rising,NA,NA,NA,NA,NA,TRUE
cases,2017-M09,month,CHFL,CHFL,all,agegroup_food,all,725,8522244,8.51,5599,NA,stagnant,NA,NA,NA,NA,NA,TRUE
cases,2017-M10,month,CHFL,CHFL,all,agegroup_food,all,647,8522244,7.59,6246,NA,falling,NA,NA,NA,NA,NA,TRUE
cases,2017-M11,month,CHFL,CHFL,all,agegroup_food,all,557,8522244,6.54,6803,NA,falling,NA,NA,NA,NA,NA,TRUE
cases,2017-M12,month,CHFL,CHFL,all,agegroup_food,all,439,8522244,5.15,7242,NA,falling,NA,NA,NA,NA,NA,TRUE
cases,2018-M01,month,CHFL,CHFL,all,agegroup_food,all,556,8582905,6.48,556,NA,stagnant,NA,NA,NA,NA,NA,TRUE
cases,2018-M02,month,CHFL,CHFL,all,agegroup_food,all,353,8582905,4.11,909,NA,stagnant,NA,NA,NA,NA,NA,TRUE
cases,2018-M03,month,CHFL,CHFL,all,agegroup_food,all,344,8582905,4.01,1253,NA,stagnant,NA,NA,NA,NA,NA,TRUE
cases,2018-M04,month,CHFL,CHFL,all,agegroup_food,all,393,8582905,4.58,1646,NA,stagnant,NA,NA,NA,NA,NA,TRUE
cases,2018-M05,month,CHFL,CHFL,all,agegroup_food,all,580,8582905,6.76,2226,NA,rising,NA,NA,NA,NA,NA,TRUE
cases,2018-M06,month,CHFL,CHFL,all,agegroup_food,all,764,8582905,8.9,2990,NA,rising,NA,NA,NA,NA,NA,TRUE
cases,2018-M07,month,CHFL,CHFL,all,agegroup_food,all,1031,8582905,12.01,4021,NA,rising,NA,NA,NA,NA,NA,TRUE
cases,2018-M08,month,CHFL,CHFL,all,agegroup_food,all,1031,8582905,12.01,5052,NA,rising,NA,NA,NA,NA,NA,TRUE
cases,2018-M09,month,CHFL,CHFL,all,agegroup_food,all,741,8582905,8.63,5793,NA,stagnant,NA,NA,NA,NA,NA,TRUE
cases,2018-M10,month,CHFL,CHFL,all,agegroup_food,all,719,8582905,8.38,6512,NA,falling,NA,NA,NA,NA,NA,TRUE
cases,2018-M11,month,CHFL,CHFL,all,agegroup_food,all,635,8582905,7.4,7147,NA,falling,NA,NA,NA,NA,NA,TRUE
cases,2018-M12,month,CHFL,CHFL,all,agegroup_food,all,581,8582905,6.77,7728,NA,falling,NA,NA,NA,NA,NA,TRUE
cases,2019-M01,month,CHFL,CHFL,all,agegroup_food,all,604,8644780,6.99,604,NA,falling,NA,NA,NA,NA,NA,TRUE
cases,2019-M02,month,CHFL,CHFL,all,agegroup_food,all,333,8644780,3.85,937,NA,falling,NA,NA,NA,NA,NA,TRUE
cases,2019-M03,month,CHFL,CHFL,all,agegroup_food,all,379,8644780,4.38,1316,NA,falling,NA,NA,NA,NA,NA,TRUE
cases,2019-M04,month,CHFL,CHFL,all,agegroup_food,all,457,8644780,5.29,1773,NA,stagnant,NA,NA,NA,NA,NA,TRUE
cases,2019-M05,month,CHFL,CHFL,all,agegroup_food,all,546,8644780,6.32,2319,NA,rising,NA,NA,NA,NA,NA,TRUE
cases,2019-M06,month,CHFL,CHFL,all,agegroup_food,all,625,8644780,7.23,2944,NA,rising,NA,NA,NA,NA,NA,TRUE
cases,2019-M07,month,CHFL,CHFL,all,agegroup_food,all,831,8644780,9.61,3775,NA,rising,NA,NA,NA,NA,NA,TRUE
cases,2019-M08,month,CHFL,CHFL,all,agegroup_food,all,983,8644780,11.37,4758,NA,rising,NA,NA,NA,NA,NA,TRUE
cases,2019-M09,month,CHFL,CHFL,all,agegroup_food,all,702,8644780,8.12,5460,NA,stagnant,NA,NA,NA,NA,NA,TRUE
cases,2019-M10,month,CHFL,CHFL,all,agegroup_food,all,671,8644780,7.76,6131,NA,falling,NA,NA,NA,NA,NA,TRUE
cases,2019-M11,month,CHFL,CHFL,all,agegroup_food,all,579,8644780,6.7,6710,NA,falling,NA,NA,NA,NA,NA,TRUE
cases,2019-M12,month,CHFL,CHFL,all,agegroup_food,all,543,8644780,6.28,7253,NA,falling,NA,NA,NA,NA,NA,TRUE
cases,2020-M01,month,CHFL,CHFL,all,agegroup_food,all,590,8709355,6.77,590,NA,stagnant,NA,NA,NA,NA,NA,TRUE
cases,2020-M02,month,CHFL,CHFL,all,agegroup_food,all,274,8709355,3.15,864,NA,falling,NA,NA,NA,NA,NA,TRUE
cases,2020-M03,month,CHFL,CHFL,all,agegroup_food,all,226,8709355,2.59,1090,NA,falling,NA,NA,NA,NA,NA,TRUE
cases,2020-M04,month,CHFL,CHFL,all,agegroup_food,all,160,8709355,1.84,1250,NA,falling,NA,NA,NA,NA,NA,TRUE
cases,2020-M05,month,CHFL,CHFL,all,agegroup_food,all,335,8709355,3.85,1585,NA,stagnant,NA,NA,NA,NA,NA,TRUE
cases,2020-M06,month,CHFL,CHFL,all,agegroup_food,all,647,8709355,7.43,2232,NA,rising,NA,NA,NA,NA,NA,TRUE
cases,2020-M07,month,CHFL,CHFL,all,agegroup_food,all,871,8709355,10,3103,NA,rising,NA,NA,NA,NA,NA,TRUE
cases,2020-M08,month,CHFL,CHFL,all,agegroup_food,all,934,8709355,10.72,4037,NA,rising,NA,NA,NA,NA,NA,TRUE
cases,2020-M09,month,CHFL,CHFL,all,agegroup_food,all,704,8709355,8.08,4741,NA,stagnant,NA,NA,NA,NA,NA,TRUE
cases,2020-M10,month,CHFL,CHFL,all,agegroup_food,all,473,8709355,5.43,5214,NA,falling,NA,NA,NA,NA,NA,TRUE
cases,2020-M11,month,CHFL,CHFL,all,agegroup_food,all,371,8709355,4.26,5585,NA,falling,NA,NA,NA,NA,NA,TRUE
cases,2020-M12,month,CHFL,CHFL,all,agegroup_food,all,457,8709355,5.25,6042,NA,falling,NA,NA,NA,NA,NA,TRUE
cases,2021-M01,month,CHFL,CHFL,all,agegroup_food,all,539,8778099,6.14,539,NA,stagnant,NA,NA,NA,NA,NA,TRUE
cases,2021-M02,month,CHFL,CHFL,all,agegroup_food,all,331,8778099,3.77,870,NA,stagnant,NA,NA,NA,NA,NA,TRUE
cases,2021-M03,month,CHFL,CHFL,all,agegroup_food,all,307,8778099,3.5,1177,NA,falling,NA,NA,NA,NA,NA,TRUE
cases,2021-M04,month,CHFL,CHFL,all,agegroup_food,all,252,8778099,2.87,1429,NA,falling,NA,NA,NA,NA,NA,TRUE
cases,2021-M05,month,CHFL,CHFL,all,agegroup_food,all,485,8778099,5.53,1914,NA,stagnant,NA,NA,NA,NA,NA,TRUE
cases,2021-M06,month,CHFL,CHFL,all,agegroup_food,all,642,8778099,7.31,2556,NA,rising,NA,NA,NA,NA,NA,TRUE
cases,2021-M07,month,CHFL,CHFL,all,agegroup_food,all,904,8778099,10.3,3460,NA,rising,NA,NA,NA,NA,NA,TRUE
cases,2021-M08,month,CHFL,CHFL,all,agegroup_food,all,953,8778099,10.86,4413,NA,rising,NA,NA,NA,NA,NA,TRUE
cases,2021-M09,month,CHFL,CHFL,all,agegroup_food,all,700,8778099,7.97,5113,NA,stagnant,NA,NA,NA,NA,NA,TRUE
cases,2021-M10,month,CHFL,CHFL,all,agegroup_food,all,563,8778099,6.41,5676,NA,falling,NA,NA,NA,NA,NA,TRUE
cases,2021-M11,month,CHFL,CHFL,all,agegroup_food,all,460,8778099,5.24,6136,NA,falling,NA,NA,NA,NA,NA,TRUE
cases,2021-M12,month,CHFL,CHFL,all,agegroup_food,all,666,8778099,7.59,6802,NA,stagnant,NA,NA,NA,NA,NA,TRUE
cases,2022-M01,month,CHFL,CHFL,all,agegroup_food,all,680,8855062,7.68,680,NA,stagnant,NA,NA,NA,NA,NA,TRUE
cases,2022-M02,month,CHFL,CHFL,all,agegroup_food,all,344,8855062,3.88,1024,NA,stagnant,NA,NA,NA,NA,NA,TRUE
cases,2022-M03,month,CHFL,CHFL,all,agegroup_food,all,435,8855062,4.91,1459,NA,falling,NA,NA,NA,NA,NA,TRUE
cases,2022-M04,month,CHFL,CHFL,all,agegroup_food,all,405,8855062,4.57,1864,NA,stagnant,NA,NA,NA,NA,NA,TRUE
cases,2022-M05,month,CHFL,CHFL,all,agegroup_food,all,519,8855062,5.86,2383,NA,rising,NA,NA,NA,NA,NA,TRUE
cases,2022-M06,month,CHFL,CHFL,all,agegroup_food,all,816,8855062,9.22,3199,NA,rising,NA,NA,NA,NA,NA,TRUE
cases,2022-M07,month,CHFL,CHFL,all,agegroup_food,all,1021,8855062,11.53,4220,NA,rising,NA,NA,NA,NA,NA,TRUE
cases,2022-M08,month,CHFL,CHFL,all,agegroup_food,all,1039,8855062,11.73,5259,NA,rising,NA,NA,NA,NA,NA,TRUE
cases,2022-M09,month,CHFL,CHFL,all,agegroup_food,all,663,8855062,7.49,5922,NA,stagnant,NA,NA,NA,NA,NA,TRUE
cases,2022-M10,month,CHFL,CHFL,all,agegroup_food,all,606,8855062,6.84,6528,NA,falling,NA,NA,NA,NA,NA,TRUE
cases,2022-M11,month,CHFL,CHFL,all,agegroup_food,all,595,8855062,6.72,7123,NA,falling,NA,NA,NA,NA,NA,TRUE
cases,2022-M12,month,CHFL,CHFL,all,agegroup_food,all,522,8855062,5.89,7645,NA,falling,NA,NA,NA,NA,NA,TRUE
cases,2023-M01,month,CHFL,CHFL,all,agegroup_food,all,575,9002273,6.39,575,NA,stagnant,NA,NA,NA,NA,NA,TRUE
cases,2023-M02,month,CHFL,CHFL,all,agegroup_food,all,309,9002273,3.43,884,NA,falling,NA,NA,NA,NA,NA,TRUE
cases,2023-M03,month,CHFL,CHFL,all,agegroup_food,all,338,9002273,3.75,1222,NA,falling,NA,NA,NA,NA,NA,TRUE
cases,2023-M04,month,CHFL,CHFL,all,agegroup_food,all,330,9002273,3.67,1552,NA,falling,NA,NA,NA,NA,NA,TRUE
cases,2023-M05,month,CHFL,CHFL,all,agegroup_food,all,466,9002273,5.18,2018,NA,rising,NA,NA,NA,NA,NA,TRUE
cases,2023-M06,month,CHFL,CHFL,all,agegroup_food,all,591,9002273,6.57,2609,NA,rising,NA,NA,NA,NA,NA,TRUE
cases,2023-M07,month,CHFL,CHFL,all,agegroup_food,all,724,9002273,8.04,3333,NA,rising,NA,NA,NA,NA,NA,TRUE
cases,2023-M08,month,CHFL,CHFL,all,agegroup_food,all,875,9002273,9.72,4208,NA,rising,NA,NA,NA,NA,NA,TRUE
cases,2023-M09,month,CHFL,CHFL,all,agegroup_food,all,668,9002273,7.42,4876,NA,stagnant,NA,NA,NA,NA,NA,TRUE
cases,2023-M10,month,CHFL,CHFL,all,agegroup_food,all,657,9002273,7.3,5533,NA,stagnant,NA,NA,NA,NA,NA,TRUE
cases,2023-M11,month,CHFL,CHFL,all,agegroup_food,all,565,9002273,6.28,6098,NA,falling,NA,NA,NA,NA,NA,TRUE
cases,2023-M12,month,CHFL,CHFL,all,agegroup_food,all,686,9002273,7.62,6784,NA,stagnant,NA,NA,NA,NA,NA,TRUE
cases,2024-M01,month,CHFL,CHFL,all,agegroup_food,all,716,9091915,7.88,716,NA,stagnant,NA,NA,NA,NA,NA,TRUE
cases,2024-M02,month,CHFL,CHFL,all,agegroup_food,all,432,9091915,4.75,1148,NA,stagnant,NA,NA,NA,NA,NA,TRUE
cases,2024-M03,month,CHFL,CHFL,all,agegroup_food,all,442,9091915,4.86,1590,NA,falling,NA,NA,NA,NA,NA,TRUE
cases,2024-M04,month,CHFL,CHFL,all,agegroup_food,all,531,9091915,5.84,2121,NA,stagnant,NA,NA,NA,NA,NA,TRUE
cases,2024-M05,month,CHFL,CHFL,all,agegroup_food,all,681,9091915,7.49,2802,NA,rising,NA,NA,NA,NA,NA,TRUE
cases,2024-M06,month,CHFL,CHFL,all,agegroup_food,all,834,9091915,9.17,3636,NA,rising,NA,NA,NA,NA,NA,TRUE
cases,2024-M07,month,CHFL,CHFL,all,agegroup_food,all,958,9091915,10.54,4594,NA,rising,NA,NA,NA,NA,NA,TRUE
cases,2024-M08,month,CHFL,CHFL,all,agegroup_food,all,1118,9091915,12.3,5712,NA,rising,NA,NA,NA,NA,NA,TRUE
cases,2024-M09,month,CHFL,CHFL,all,agegroup_food,all,804,9091915,8.84,6516,NA,stagnant,NA,NA,NA,NA,NA,TRUE
cases,2024-M10,month,CHFL,CHFL,all,agegroup_food,all,767,9091915,8.44,7283,NA,falling,NA,NA,NA,NA,NA,TRUE
cases,2024-M11,month,CHFL,CHFL,all,agegroup_food,all,534,9091915,5.87,7817,NA,falling,NA,NA,NA,NA,NA,TRUE
cases,2024-M12,month,CHFL,CHFL,all,agegroup_food,all,543,9091915,5.97,8360,NA,falling,NA,NA,NA,NA,NA,TRUE
cases,2025-M01,month,CHFL,CHFL,all,agegroup_food,all,524,9091915,5.76,524,NA,falling,NA,NA,NA,NA,NA,TRUE
cases,2025-M02,month,CHFL,CHFL,all,agegroup_food,all,322,9091915,3.54,846,NA,falling,NA,NA,NA,NA,NA,TRUE
cases,2025-M03,month,CHFL,CHFL,all,agegroup_food,all,377,9091915,4.15,1223,NA,falling,NA,NA,NA,NA,NA,TRUE
cases,2025-M04,month,CHFL,CHFL,all,agegroup_food,all,387,9091915,4.26,1610,NA,stagnant,NA,NA,NA,NA,NA,TRUE
cases,2025-M05,month,CHFL,CHFL,all,agegroup_food,all,646,9091915,7.11,2256,NA,rising,NA,NA,NA,NA,NA,TRUE
cases,2025-M06,month,CHFL,CHFL,all,agegroup_food,all,870,9091915,9.57,3126,NA,rising,NA,NA,NA,NA,NA,TRUE
cases,2025-M07,month,CHFL,CHFL,all,agegroup_food,all,1167,9091915,12.84,4293,NA,rising,NA,NA,NA,NA,NA,TRUE
cases,2025-M08,month,CHFL,CHFL,all,agegroup_food,all,1252,9091915,13.77,5545,NA,rising,NA,NA,NA,NA,NA,TRUE
cases,2025-M09,month,CHFL,CHFL,all,agegroup_food,all,987,9091915,10.86,6532,NA,stagnant,NA,NA,NA,NA,NA,TRUE
cases,2025-M10,month,CHFL,CHFL,all,agegroup_food,all,814,9091915,8.95,7346,NA,falling,NA,NA,NA,NA,NA,TRUE
cases,2025-M11,month,CHFL,CHFL,all,agegroup_food,all,691,9091915,7.6,8037,NA,falling,NA,NA,NA,NA,NA,TRUE
cases,2025-M12,month,CHFL,CHFL,all,agegroup_food,all,679,9091915,7.47,8716,NA,falling,NA,NA,NA,NA,NA,TRUE
cases,2026-M01,month,CHFL,CHFL,all,agegroup_food,all,740,9091674,8.14,740,NA,stagnant,NA,NA,NA,NA,NA,TRUE
cases,2026-M02,month,CHFL,CHFL,all,agegroup_food,all,439,9091674,4.83,1179,NA,stagnant,NA,NA,NA,NA,NA,TRUE
cases,2026-M03,month,CHFL,CHFL,all,agegroup_food,all,510,9091674,5.61,1689,NA,falling,NA,NA,NA,NA,NA,TRUE
cases,2026-M04,month,CHFL,CHFL,all,agegroup_food,all,563,9091674,6.19,2252,NA,stagnant,NA,NA,NA,NA,NA,TRUE
cases,2026-M05,month,CHFL,CHFL,all,agegroup_food,all,851,9091674,9.36,3103,NA,rising,NA,NA,NA,NA,NA,TRUE
cases,2026-M06,month,CHFL,CHFL,all,agegroup_food,all,1096,9091674,12.05,4199,NA,rising,NA,NA,NA,NA,NA,TRUE
cases,2026-M07,month,CHFL,CHFL,all,agegroup_food,all,1280,9091674,14.08,5479,NA,rising,NA,NA,NA,NA,NA,TRUE
cases,2026-M08,month,CHFL,CHFL,all,agegroup_food,all,1392,9091674,15.31,6871,NA,rising,NA,NA,NA,NA,NA,TRUE
min_value_10y,2022-M01,month,CHFL,CHFL,all,agegroup_food,all,537,NA,6.14,537,NA,NA,NA,NA,NA,NA,NA,TRUE
min_value_10y,2022-M02,month,CHFL,CHFL,all,agegroup_food,all,254,NA,3.04,854,NA,NA,NA,NA,NA,NA,NA,TRUE
min_value_10y,2022-M03,month,CHFL,CHFL,all,agegroup_food,all,226,NA,2.59,1090,NA,NA,NA,NA,NA,NA,NA,TRUE
min_value_10y,2022-M04,month,CHFL,CHFL,all,agegroup_food,all,160,NA,1.84,1250,NA,NA,NA,NA,NA,NA,NA,TRUE
min_value_10y,2022-M05,month,CHFL,CHFL,all,agegroup_food,all,335,NA,3.85,1585,NA,NA,NA,NA,NA,NA,NA,TRUE
min_value_10y,2022-M06,month,CHFL,CHFL,all,agegroup_food,all,625,NA,7.23,2232,NA,NA,NA,NA,NA,NA,NA,TRUE
min_value_10y,2022-M07,month,CHFL,CHFL,all,agegroup_food,all,783,NA,9.36,3103,NA,NA,NA,NA,NA,NA,NA,TRUE
min_value_10y,2022-M08,month,CHFL,CHFL,all,agegroup_food,all,856,NA,10.24,4037,NA,NA,NA,NA,NA,NA,NA,TRUE
min_value_10y,2022-M09,month,CHFL,CHFL,all,agegroup_food,all,663,NA,7.49,4741,NA,NA,NA,NA,NA,NA,NA,TRUE
min_value_10y,2022-M10,month,CHFL,CHFL,all,agegroup_food,all,473,NA,5.43,5214,NA,NA,NA,NA,NA,NA,NA,TRUE
min_value_10y,2022-M11,month,CHFL,CHFL,all,agegroup_food,all,371,NA,4.26,5585,NA,NA,NA,NA,NA,NA,NA,TRUE
min_value_10y,2022-M12,month,CHFL,CHFL,all,agegroup_food,all,439,NA,5.15,6042,NA,NA,NA,NA,NA,NA,NA,TRUE
min_value_10y,2023-M01,month,CHFL,CHFL,all,agegroup_food,all,537,NA,6.14,537,NA,NA,NA,NA,NA,NA,NA,TRUE
min_value_10y,2023-M02,month,CHFL,CHFL,all,agegroup_food,all,254,NA,3.04,854,NA,NA,NA,NA,NA,NA,NA,TRUE
min_value_10y,2023-M03,month,CHFL,CHFL,all,agegroup_food,all,226,NA,2.59,1090,NA,NA,NA,NA,NA,NA,NA,TRUE
min_value_10y,2023-M04,month,CHFL,CHFL,all,agegroup_food,all,160,NA,1.84,1250,NA,NA,NA,NA,NA,NA,NA,TRUE
min_value_10y,2023-M05,month,CHFL,CHFL,all,agegroup_food,all,335,NA,3.85,1585,NA,NA,NA,NA,NA,NA,NA,TRUE
min_value_10y,2023-M06,month,CHFL,CHFL,all,agegroup_food,all,591,NA,6.57,2232,NA,NA,NA,NA,NA,NA,NA,TRUE
min_value_10y,2023-M07,month,CHFL,CHFL,all,agegroup_food,all,724,NA,8.04,3103,NA,NA,NA,NA,NA,NA,NA,TRUE
min_value_10y,2023-M08,month,CHFL,CHFL,all,agegroup_food,all,856,NA,9.72,4037,NA,NA,NA,NA,NA,NA,NA,TRUE
min_value_10y,2023-M09,month,CHFL,CHFL,all,agegroup_food,all,663,NA,7.42,4741,NA,NA,NA,NA,NA,NA,NA,TRUE
min_value_10y,2023-M10,month,CHFL,CHFL,all,agegroup_food,all,473,NA,5.43,5214,NA,NA,NA,NA,NA,NA,NA,TRUE
min_value_10y,2023-M11,month,CHFL,CHFL,all,agegroup_food,all,371,NA,4.26,5585,NA,NA,NA,NA,NA,NA,NA,TRUE
min_value_10y,2023-M12,month,CHFL,CHFL,all,agegroup_food,all,439,NA,5.15,6042,NA,NA,NA,NA,NA,NA,NA,TRUE
min_value_10y,2024-M01,month,CHFL,CHFL,all,agegroup_food,all,537,NA,6.14,537,NA,NA,NA,NA,NA,NA,NA,TRUE
min_value_10y,2024-M02,month,CHFL,CHFL,all,agegroup_food,all,254,NA,3.04,854,NA,NA,NA,NA,NA,NA,NA,TRUE
min_value_10y,2024-M03,month,CHFL,CHFL,all,agegroup_food,all,226,NA,2.59,1090,NA,NA,NA,NA,NA,NA,NA,TRUE
min_value_10y,2024-M04,month,CHFL,CHFL,all,agegroup_food,all,160,NA,1.84,1250,NA,NA,NA,NA,NA,NA,NA,TRUE
min_value_10y,2024-M05,month,CHFL,CHFL,all,agegroup_food,all,335,NA,3.85,1585,NA,NA,NA,NA,NA,NA,NA,TRUE
min_value_10y,2024-M06,month,CHFL,CHFL,all,agegroup_food,all,591,NA,6.57,2232,NA,NA,NA,NA,NA,NA,NA,TRUE
min_value_10y,2024-M07,month,CHFL,CHFL,all,agegroup_food,all,724,NA,8.04,3103,NA,NA,NA,NA,NA,NA,NA,TRUE
min_value_10y,2024-M08,month,CHFL,CHFL,all,agegroup_food,all,856,NA,9.72,4037,NA,NA,NA,NA,NA,NA,NA,TRUE
min_value_10y,2024-M09,month,CHFL,CHFL,all,agegroup_food,all,663,NA,7.42,4741,NA,NA,NA,NA,NA,NA,NA,TRUE
min_value_10y,2024-M10,month,CHFL,CHFL,all,agegroup_food,all,473,NA,5.43,5214,NA,NA,NA,NA,NA,NA,NA,TRUE
min_value_10y,2024-M11,month,CHFL,CHFL,all,agegroup_food,all,371,NA,4.26,5585,NA,NA,NA,NA,NA,NA,NA,TRUE
min_value_10y,2024-M12,month,CHFL,CHFL,all,agegroup_food,all,439,NA,5.15,6042,NA,NA,NA,NA,NA,NA,NA,TRUE
min_value_10y,2025-M01,month,CHFL,CHFL,all,agegroup_food,all,524,NA,5.76,524,NA,NA,NA,NA,NA,NA,NA,TRUE
min_value_10y,2025-M02,month,CHFL,CHFL,all,agegroup_food,all,274,NA,3.15,846,NA,NA,NA,NA,NA,NA,NA,TRUE
min_value_10y,2025-M03,month,CHFL,CHFL,all,agegroup_food,all,226,NA,2.59,1090,NA,NA,NA,NA,NA,NA,NA,TRUE
min_value_10y,2025-M04,month,CHFL,CHFL,all,agegroup_food,all,160,NA,1.84,1250,NA,NA,NA,NA,NA,NA,NA,TRUE
min_value_10y,2025-M05,month,CHFL,CHFL,all,agegroup_food,all,335,NA,3.85,1585,NA,NA,NA,NA,NA,NA,NA,TRUE
min_value_10y,2025-M06,month,CHFL,CHFL,all,agegroup_food,all,591,NA,6.57,2232,NA,NA,NA,NA,NA,NA,NA,TRUE
min_value_10y,2025-M07,month,CHFL,CHFL,all,agegroup_food,all,724,NA,8.04,3103,NA,NA,NA,NA,NA,NA,NA,TRUE
min_value_10y,2025-M08,month,CHFL,CHFL,all,agegroup_food,all,875,NA,9.72,4037,NA,NA,NA,NA,NA,NA,NA,TRUE
min_value_10y,2025-M09,month,CHFL,CHFL,all,agegroup_food,all,663,NA,7.42,4741,NA,NA,NA,NA,NA,NA,NA,TRUE
min_value_10y,2025-M10,month,CHFL,CHFL,all,agegroup_food,all,473,NA,5.43,5214,NA,NA,NA,NA,NA,NA,NA,TRUE
min_value_10y,2025-M11,month,CHFL,CHFL,all,agegroup_food,all,371,NA,4.26,5585,NA,NA,NA,NA,NA,NA,NA,TRUE
min_value_10y,2025-M12,month,CHFL,CHFL,all,agegroup_food,all,439,NA,5.15,6042,NA,NA,NA,NA,NA,NA,NA,TRUE
min_value_10y,2026-M01,month,CHFL,CHFL,all,agegroup_food,all,524,NA,5.76,524,NA,NA,NA,NA,NA,NA,NA,TRUE
min_value_10y,2026-M02,month,CHFL,CHFL,all,agegroup_food,all,274,NA,3.15,846,NA,NA,NA,NA,NA,NA,NA,TRUE
min_value_10y,2026-M03,month,CHFL,CHFL,all,agegroup_food,all,226,NA,2.59,1090,NA,NA,NA,NA,NA,NA,NA,TRUE
min_value_10y,2026-M04,month,CHFL,CHFL,all,agegroup_food,all,160,NA,1.84,1250,NA,NA,NA,NA,NA,NA,NA,TRUE
min_value_10y,2026-M05,month,CHFL,CHFL,all,agegroup_food,all,335,NA,3.85,1585,NA,NA,NA,NA,NA,NA,NA,TRUE
min_value_10y,2026-M06,month,CHFL,CHFL,all,agegroup_food,all,591,NA,6.57,2232,NA,NA,NA,NA,NA,NA,NA,TRUE
min_value_10y,2026-M07,month,CHFL,CHFL,all,agegroup_food,all,724,NA,8.04,3103,NA,NA,NA,NA,NA,NA,NA,TRUE
min_value_10y,2026-M08,month,CHFL,CHFL,all,agegroup_food,all,875,NA,9.72,4037,NA,NA,NA,NA,NA,NA,NA,TRUE
median_value_10y,2022-M01,month,CHFL,CHFL,all,agegroup_food,all,612,NA,7.2,612,NA,NA,NA,NA,NA,NA,NA,TRUE
median_value_10y,2022-M02,month,CHFL,CHFL,all,agegroup_food,all,336,NA,3.87,923,NA,NA,NA,NA,NA,NA,NA,TRUE
median_value_10y,2022-M03,month,CHFL,CHFL,all,agegroup_food,all,362,NA,4.2,1308,NA,NA,NA,NA,NA,NA,NA,TRUE
median_value_10y,2022-M04,month,CHFL,CHFL,all,agegroup_food,all,399,NA,4.58,1732,NA,NA,NA,NA,NA,NA,NA,TRUE
median_value_10y,2022-M05,month,CHFL,CHFL,all,agegroup_food,all,528,NA,6.31,2281,NA,NA,NA,NA,NA,NA,NA,TRUE
median_value_10y,2022-M06,month,CHFL,CHFL,all,agegroup_food,all,693,NA,8.33,2979,NA,NA,NA,NA,NA,NA,NA,TRUE
median_value_10y,2022-M07,month,CHFL,CHFL,all,agegroup_food,all,858,NA,10.11,3815,NA,NA,NA,NA,NA,NA,NA,TRUE
median_value_10y,2022-M08,month,CHFL,CHFL,all,agegroup_food,all,970,NA,11.47,4816,NA,NA,NA,NA,NA,NA,NA,TRUE
median_value_10y,2022-M09,month,CHFL,CHFL,all,agegroup_food,all,703,NA,8.25,5530,NA,NA,NA,NA,NA,NA,NA,TRUE
median_value_10y,2022-M10,month,CHFL,CHFL,all,agegroup_food,all,634,NA,7.54,6202,NA,NA,NA,NA,NA,NA,NA,TRUE
median_value_10y,2022-M11,month,CHFL,CHFL,all,agegroup_food,all,572,NA,6.71,6786,NA,NA,NA,NA,NA,NA,NA,TRUE
median_value_10y,2022-M12,month,CHFL,CHFL,all,agegroup_food,all,566,NA,6.64,7400,NA,NA,NA,NA,NA,NA,NA,TRUE
median_value_10y,2023-M01,month,CHFL,CHFL,all,agegroup_food,all,597,NA,6.88,597,NA,NA,NA,NA,NA,NA,NA,TRUE
median_value_10y,2023-M02,month,CHFL,CHFL,all,agegroup_food,all,332,NA,3.81,896,NA,NA,NA,NA,NA,NA,NA,TRUE
median_value_10y,2023-M03,month,CHFL,CHFL,all,agegroup_food,all,362,NA,4.2,1276,NA,NA,NA,NA,NA,NA,NA,TRUE
median_value_10y,2023-M04,month,CHFL,CHFL,all,agegroup_food,all,392,NA,4.58,1668,NA,NA,NA,NA,NA,NA,NA,TRUE
median_value_10y,2023-M05,month,CHFL,CHFL,all,agegroup_food,all,528,NA,6.31,2234,NA,NA,NA,NA,NA,NA,NA,TRUE
median_value_10y,2023-M06,month,CHFL,CHFL,all,agegroup_food,all,678,NA,8.07,2956,NA,NA,NA,NA,NA,NA,NA,TRUE
median_value_10y,2023-M07,month,CHFL,CHFL,all,agegroup_food,all,858,NA,10.11,3798,NA,NA,NA,NA,NA,NA,NA,TRUE
median_value_10y,2023-M08,month,CHFL,CHFL,all,agegroup_food,all,970,NA,11.47,4816,NA,NA,NA,NA,NA,NA,NA,TRUE
median_value_10y,2023-M09,month,CHFL,CHFL,all,agegroup_food,all,702,NA,8.1,5530,NA,NA,NA,NA,NA,NA,NA,TRUE
median_value_10y,2023-M10,month,CHFL,CHFL,all,agegroup_food,all,634,NA,7.39,6188,NA,NA,NA,NA,NA,NA,NA,TRUE
median_value_10y,2023-M11,month,CHFL,CHFL,all,agegroup_food,all,566,NA,6.62,6756,NA,NA,NA,NA,NA,NA,NA,TRUE
median_value_10y,2023-M12,month,CHFL,CHFL,all,agegroup_food,all,566,NA,6.64,7248,NA,NA,NA,NA,NA,NA,NA,TRUE
median_value_10y,2024-M01,month,CHFL,CHFL,all,agegroup_food,all,597,NA,6.88,597,NA,NA,NA,NA,NA,NA,NA,TRUE
median_value_10y,2024-M02,month,CHFL,CHFL,all,agegroup_food,all,332,NA,3.81,896,NA,NA,NA,NA,NA,NA,NA,TRUE
median_value_10y,2024-M03,month,CHFL,CHFL,all,agegroup_food,all,362,NA,4.2,1276,NA,NA,NA,NA,NA,NA,NA,TRUE
median_value_10y,2024-M04,month,CHFL,CHFL,all,agegroup_food,all,392,NA,4.58,1668,NA,NA,NA,NA,NA,NA,NA,TRUE
median_value_10y,2024-M05,month,CHFL,CHFL,all,agegroup_food,all,540,NA,6.36,2234,NA,NA,NA,NA,NA,NA,NA,TRUE
median_value_10y,2024-M06,month,CHFL,CHFL,all,agegroup_food,all,678,NA,8.07,2956,NA,NA,NA,NA,NA,NA,NA,TRUE
median_value_10y,2024-M07,month,CHFL,CHFL,all,agegroup_food,all,867,NA,10.11,3798,NA,NA,NA,NA,NA,NA,NA,TRUE
median_value_10y,2024-M08,month,CHFL,CHFL,all,agegroup_food,all,1007,NA,11.55,4816,NA,NA,NA,NA,NA,NA,NA,TRUE
median_value_10y,2024-M09,month,CHFL,CHFL,all,agegroup_food,all,703,NA,8.25,5530,NA,NA,NA,NA,NA,NA,NA,TRUE
median_value_10y,2024-M10,month,CHFL,CHFL,all,agegroup_food,all,651,NA,7.44,6188,NA,NA,NA,NA,NA,NA,NA,TRUE
median_value_10y,2024-M11,month,CHFL,CHFL,all,agegroup_food,all,561,NA,6.41,6756,NA,NA,NA,NA,NA,NA,NA,TRUE
median_value_10y,2024-M12,month,CHFL,CHFL,all,agegroup_food,all,546,NA,6.39,7248,NA,NA,NA,NA,NA,NA,NA,TRUE
median_value_10y,2025-M01,month,CHFL,CHFL,all,agegroup_food,all,582,NA,6.62,582,NA,NA,NA,NA,NA,NA,NA,TRUE
median_value_10y,2025-M02,month,CHFL,CHFL,all,agegroup_food,all,332,NA,3.81,896,NA,NA,NA,NA,NA,NA,NA,TRUE
median_value_10y,2025-M03,month,CHFL,CHFL,all,agegroup_food,all,378,NA,4.27,1276,NA,NA,NA,NA,NA,NA,NA,TRUE
median_value_10y,2025-M04,month,CHFL,CHFL,all,agegroup_food,all,392,NA,4.58,1668,NA,NA,NA,NA,NA,NA,NA,TRUE
median_value_10y,2025-M05,month,CHFL,CHFL,all,agegroup_food,all,549,NA,6.4,2250,NA,NA,NA,NA,NA,NA,NA,TRUE
median_value_10y,2025-M06,month,CHFL,CHFL,all,agegroup_food,all,714,NA,8.41,2979,NA,NA,NA,NA,NA,NA,NA,TRUE
median_value_10y,2025-M07,month,CHFL,CHFL,all,agegroup_food,all,888,NA,10.25,3922,NA,NA,NA,NA,NA,NA,NA,TRUE
median_value_10y,2025-M08,month,CHFL,CHFL,all,agegroup_food,all,1035,NA,11.87,4963,NA,NA,NA,NA,NA,NA,NA,TRUE
median_value_10y,2025-M09,month,CHFL,CHFL,all,agegroup_food,all,714,NA,8.31,5696,NA,NA,NA,NA,NA,NA,NA,TRUE
median_value_10y,2025-M10,month,CHFL,CHFL,all,agegroup_food,all,656,NA,7.66,6379,NA,NA,NA,NA,NA,NA,NA,TRUE
median_value_10y,2025-M11,month,CHFL,CHFL,all,agegroup_food,all,572,NA,6.62,6963,NA,NA,NA,NA,NA,NA,NA,TRUE
median_value_10y,2025-M12,month,CHFL,CHFL,all,agegroup_food,all,546,NA,6.39,7449,NA,NA,NA,NA,NA,NA,NA,TRUE
median_value_10y,2026-M01,month,CHFL,CHFL,all,agegroup_food,all,582,NA,6.62,582,NA,NA,NA,NA,NA,NA,NA,TRUE
median_value_10y,2026-M02,month,CHFL,CHFL,all,agegroup_food,all,332,NA,3.81,896,NA,NA,NA,NA,NA,NA,NA,TRUE
median_value_10y,2026-M03,month,CHFL,CHFL,all,agegroup_food,all,378,NA,4.27,1276,NA,NA,NA,NA,NA,NA,NA,TRUE
median_value_10y,2026-M04,month,CHFL,CHFL,all,agegroup_food,all,392,NA,4.58,1668,NA,NA,NA,NA,NA,NA,NA,TRUE
median_value_10y,2026-M05,month,CHFL,CHFL,all,agegroup_food,all,549,NA,6.4,2250,NA,NA,NA,NA,NA,NA,NA,TRUE
median_value_10y,2026-M06,month,CHFL,CHFL,all,agegroup_food,all,744,NA,8.7,2979,NA,NA,NA,NA,NA,NA,NA,TRUE
median_value_10y,2026-M07,month,CHFL,CHFL,all,agegroup_food,all,931,NA,10.42,3922,NA,NA,NA,NA,NA,NA,NA,TRUE
median_value_10y,2026-M08,month,CHFL,CHFL,all,agegroup_food,all,1035,NA,11.87,4963,NA,NA,NA,NA,NA,NA,NA,TRUE
max_value_10y,2022-M01,month,CHFL,CHFL,all,agegroup_food,all,817,NA,9.91,817,NA,NA,NA,NA,NA,NA,NA,TRUE
max_value_10y,2022-M02,month,CHFL,CHFL,all,agegroup_food,all,433,NA,5.12,1250,NA,NA,NA,NA,NA,NA,NA,TRUE
max_value_10y,2022-M03,month,CHFL,CHFL,all,agegroup_food,all,446,NA,5.23,1674,NA,NA,NA,NA,NA,NA,NA,TRUE
max_value_10y,2022-M04,month,CHFL,CHFL,all,agegroup_food,all,464,NA,5.52,2138,NA,NA,NA,NA,NA,NA,NA,TRUE
max_value_10y,2022-M05,month,CHFL,CHFL,all,agegroup_food,all,619,NA,7.32,2757,NA,NA,NA,NA,NA,NA,NA,TRUE
max_value_10y,2022-M06,month,CHFL,CHFL,all,agegroup_food,all,816,NA,9.22,3460,NA,NA,NA,NA,NA,NA,NA,TRUE
max_value_10y,2022-M07,month,CHFL,CHFL,all,agegroup_food,all,1031,NA,12.01,4323,NA,NA,NA,NA,NA,NA,NA,TRUE
max_value_10y,2022-M08,month,CHFL,CHFL,all,agegroup_food,all,1086,NA,12.84,5409,NA,NA,NA,NA,NA,NA,NA,TRUE
max_value_10y,2022-M09,month,CHFL,CHFL,all,agegroup_food,all,841,NA,9.94,6250,NA,NA,NA,NA,NA,NA,NA,TRUE
max_value_10y,2022-M10,month,CHFL,CHFL,all,agegroup_food,all,743,NA,9.09,6905,NA,NA,NA,NA,NA,NA,NA,TRUE
max_value_10y,2022-M11,month,CHFL,CHFL,all,agegroup_food,all,635,NA,7.47,7525,NA,NA,NA,NA,NA,NA,NA,TRUE
max_value_10y,2022-M12,month,CHFL,CHFL,all,agegroup_food,all,782,NA,9.56,8075,NA,NA,NA,NA,NA,NA,NA,TRUE
max_value_10y,2023-M01,month,CHFL,CHFL,all,agegroup_food,all,817,NA,9.66,817,NA,NA,NA,NA,NA,NA,NA,TRUE
max_value_10y,2023-M02,month,CHFL,CHFL,all,agegroup_food,all,433,NA,5.12,1250,NA,NA,NA,NA,NA,NA,NA,TRUE
max_value_10y,2023-M03,month,CHFL,CHFL,all,agegroup_food,all,446,NA,5.23,1674,NA,NA,NA,NA,NA,NA,NA,TRUE
max_value_10y,2023-M04,month,CHFL,CHFL,all,agegroup_food,all,464,NA,5.52,2138,NA,NA,NA,NA,NA,NA,NA,TRUE
max_value_10y,2023-M05,month,CHFL,CHFL,all,agegroup_food,all,619,NA,7.32,2757,NA,NA,NA,NA,NA,NA,NA,TRUE
max_value_10y,2023-M06,month,CHFL,CHFL,all,agegroup_food,all,816,NA,9.22,3460,NA,NA,NA,NA,NA,NA,NA,TRUE
max_value_10y,2023-M07,month,CHFL,CHFL,all,agegroup_food,all,1031,NA,12.01,4323,NA,NA,NA,NA,NA,NA,NA,TRUE
max_value_10y,2023-M08,month,CHFL,CHFL,all,agegroup_food,all,1086,NA,12.84,5409,NA,NA,NA,NA,NA,NA,NA,TRUE
max_value_10y,2023-M09,month,CHFL,CHFL,all,agegroup_food,all,841,NA,9.94,6250,NA,NA,NA,NA,NA,NA,NA,TRUE
max_value_10y,2023-M10,month,CHFL,CHFL,all,agegroup_food,all,719,NA,8.38,6905,NA,NA,NA,NA,NA,NA,NA,TRUE
max_value_10y,2023-M11,month,CHFL,CHFL,all,agegroup_food,all,635,NA,7.4,7525,NA,NA,NA,NA,NA,NA,NA,TRUE
max_value_10y,2023-M12,month,CHFL,CHFL,all,agegroup_food,all,775,NA,9.27,8075,NA,NA,NA,NA,NA,NA,NA,TRUE
max_value_10y,2024-M01,month,CHFL,CHFL,all,agegroup_food,all,817,NA,9.66,817,NA,NA,NA,NA,NA,NA,NA,TRUE
max_value_10y,2024-M02,month,CHFL,CHFL,all,agegroup_food,all,433,NA,5.12,1250,NA,NA,NA,NA,NA,NA,NA,TRUE
max_value_10y,2024-M03,month,CHFL,CHFL,all,agegroup_food,all,446,NA,5.23,1674,NA,NA,NA,NA,NA,NA,NA,TRUE
max_value_10y,2024-M04,month,CHFL,CHFL,all,agegroup_food,all,531,NA,5.84,2138,NA,NA,NA,NA,NA,NA,NA,TRUE
max_value_10y,2024-M05,month,CHFL,CHFL,all,agegroup_food,all,681,NA,7.49,2802,NA,NA,NA,NA,NA,NA,NA,TRUE
max_value_10y,2024-M06,month,CHFL,CHFL,all,agegroup_food,all,834,NA,9.22,3636,NA,NA,NA,NA,NA,NA,NA,TRUE
max_value_10y,2024-M07,month,CHFL,CHFL,all,agegroup_food,all,1031,NA,12.01,4594,NA,NA,NA,NA,NA,NA,NA,TRUE
max_value_10y,2024-M08,month,CHFL,CHFL,all,agegroup_food,all,1118,NA,12.84,5712,NA,NA,NA,NA,NA,NA,NA,TRUE
max_value_10y,2024-M09,month,CHFL,CHFL,all,agegroup_food,all,841,NA,9.94,6516,NA,NA,NA,NA,NA,NA,NA,TRUE
max_value_10y,2024-M10,month,CHFL,CHFL,all,agegroup_food,all,767,NA,8.44,7283,NA,NA,NA,NA,NA,NA,NA,TRUE
max_value_10y,2024-M11,month,CHFL,CHFL,all,agegroup_food,all,635,NA,7.4,7817,NA,NA,NA,NA,NA,NA,NA,TRUE
max_value_10y,2024-M12,month,CHFL,CHFL,all,agegroup_food,all,775,NA,9.27,8360,NA,NA,NA,NA,NA,NA,NA,TRUE
max_value_10y,2025-M01,month,CHFL,CHFL,all,agegroup_food,all,817,NA,9.66,817,NA,NA,NA,NA,NA,NA,NA,TRUE
max_value_10y,2025-M02,month,CHFL,CHFL,all,agegroup_food,all,433,NA,5.12,1250,NA,NA,NA,NA,NA,NA,NA,TRUE
max_value_10y,2025-M03,month,CHFL,CHFL,all,agegroup_food,all,446,NA,5.23,1674,NA,NA,NA,NA,NA,NA,NA,TRUE
max_value_10y,2025-M04,month,CHFL,CHFL,all,agegroup_food,all,531,NA,5.84,2138,NA,NA,NA,NA,NA,NA,NA,TRUE
max_value_10y,2025-M05,month,CHFL,CHFL,all,agegroup_food,all,681,NA,7.49,2802,NA,NA,NA,NA,NA,NA,NA,TRUE
max_value_10y,2025-M06,month,CHFL,CHFL,all,agegroup_food,all,870,NA,9.57,3636,NA,NA,NA,NA,NA,NA,NA,TRUE
max_value_10y,2025-M07,month,CHFL,CHFL,all,agegroup_food,all,1167,NA,12.84,4594,NA,NA,NA,NA,NA,NA,NA,TRUE
max_value_10y,2025-M08,month,CHFL,CHFL,all,agegroup_food,all,1252,NA,13.77,5712,NA,NA,NA,NA,NA,NA,NA,TRUE
max_value_10y,2025-M09,month,CHFL,CHFL,all,agegroup_food,all,987,NA,10.86,6532,NA,NA,NA,NA,NA,NA,NA,TRUE
max_value_10y,2025-M10,month,CHFL,CHFL,all,agegroup_food,all,814,NA,8.95,7346,NA,NA,NA,NA,NA,NA,NA,TRUE
max_value_10y,2025-M11,month,CHFL,CHFL,all,agegroup_food,all,691,NA,7.6,8037,NA,NA,NA,NA,NA,NA,NA,TRUE
max_value_10y,2025-M12,month,CHFL,CHFL,all,agegroup_food,all,686,NA,7.62,8716,NA,NA,NA,NA,NA,NA,NA,TRUE
max_value_10y,2026-M01,month,CHFL,CHFL,all,agegroup_food,all,740,NA,8.14,740,NA,NA,NA,NA,NA,NA,NA,TRUE
max_value_10y,2026-M02,month,CHFL,CHFL,all,agegroup_food,all,439,NA,4.83,1179,NA,NA,NA,NA,NA,NA,NA,TRUE
max_value_10y,2026-M03,month,CHFL,CHFL,all,agegroup_food,all,510,NA,5.61,1689,NA,NA,NA,NA,NA,NA,NA,TRUE
max_value_10y,2026-M04,month,CHFL,CHFL,all,agegroup_food,all,563,NA,6.19,2252,NA,NA,NA,NA,NA,NA,NA,TRUE
max_value_10y,2026-M05,month,CHFL,CHFL,all,agegroup_food,all,851,NA,9.36,3103,NA,NA,NA,NA,NA,NA,NA,TRUE
max_value_10y,2026-M06,month,CHFL,CHFL,all,agegroup_food,all,1096,NA,12.05,4199,NA,NA,NA,NA,NA,NA,NA,TRUE
max_value_10y,2026-M07,month,CHFL,CHFL,all,agegroup_food,all,1280,NA,14.08,5479,NA,NA,NA,NA,NA,NA,NA,TRUE
max_value_10y,2026-M08,month,CHFL,CHFL,all,agegroup_food,all,1392,NA,15.31,6871,NA,NA,NA,NA,NA,NA,NA,TRUE
cases,2013,year,AG,canton,all,agegroup_food,all,546,636362,85.8,NA,NA,NA,7.3,NA,NA,NA,NA,TRUE
cases,2013,year,AI,canton,all,agegroup_food,all,25,15778,158.45,NA,NA,NA,0.3,NA,NA,NA,NA,TRUE
cases,2013,year,AR,canton,all,agegroup_food,all,52,53691,96.85,NA,NA,NA,0.7,NA,NA,NA,NA,TRUE
cases,2013,year,BE,canton,all,agegroup_food,all,958,1001281,95.68,NA,NA,NA,12.8,NA,NA,NA,NA,TRUE
cases,2013,year,BL,canton,all,agegroup_food,all,417,278656,149.65,NA,NA,NA,5.6,NA,NA,NA,NA,TRUE
cases,2013,year,BS,canton,all,agegroup_food,all,229,189335,120.95,NA,NA,NA,3.1,NA,NA,NA,NA,TRUE
cases,2013,year,CH,country,all,agegroup_food,all,7504,8139631,92.19,NA,NA,NA,99.4,NA,NA,NA,NA,TRUE
cases,2013,year,CHFL,CHFL,all,agegroup_food,all,7551,8176573,92.35,NA,NA,NA,100,NA,NA,NA,NA,TRUE
cases,2013,year,FL,country,all,agegroup_food,all,47,36942,127.23,NA,NA,NA,0.6,NA,NA,NA,NA,TRUE
cases,2013,year,FR,canton,all,agegroup_food,all,193,297622,64.85,NA,NA,NA,2.6,NA,NA,NA,NA,TRUE
cases,2013,year,GE,canton,all,agegroup_food,all,341,469433,72.64,NA,NA,NA,4.5,NA,NA,NA,NA,TRUE
cases,2013,year,GL,canton,all,agegroup_food,all,33,39593,83.35,NA,NA,NA,0.4,NA,NA,NA,NA,TRUE
cases,2013,year,GR,canton,all,agegroup_food,all,191,194959,97.97,NA,NA,NA,2.5,NA,NA,NA,NA,TRUE
cases,2013,year,JU,canton,all,agegroup_food,all,103,71738,143.58,NA,NA,NA,1.4,NA,NA,NA,NA,TRUE
cases,2013,year,LU,canton,all,agegroup_food,all,371,390349,95.04,NA,NA,NA,4.9,NA,NA,NA,NA,TRUE
cases,2013,year,NE,canton,all,agegroup_food,all,147,176402,83.33,NA,NA,NA,2,NA,NA,NA,NA,TRUE
cases,2013,year,NW,canton,all,agegroup_food,all,52,41888,124.14,NA,NA,NA,0.7,NA,NA,NA,NA,TRUE
cases,2013,year,OW,canton,all,agegroup_food,all,34,36507,93.13,NA,NA,NA,0.5,NA,NA,NA,NA,TRUE
cases,2013,year,SG,canton,all,agegroup_food,all,475,491699,96.6,NA,NA,NA,6.3,NA,NA,NA,NA,TRUE
cases,2013,year,SH,canton,all,agegroup_food,all,73,78783,92.66,NA,NA,NA,1,NA,NA,NA,NA,TRUE
cases,2013,year,SO,canton,all,agegroup_food,all,307,261437,117.43,NA,NA,NA,4.1,NA,NA,NA,NA,TRUE
cases,2013,year,SZ,canton,all,agegroup_food,all,141,151396,93.13,NA,NA,NA,1.9,NA,NA,NA,NA,TRUE
cases,2013,year,TG,canton,all,agegroup_food,all,274,260278,105.27,NA,NA,NA,3.7,NA,NA,NA,NA,TRUE
cases,2013,year,TI,canton,all,agegroup_food,all,132,346539,38.09,NA,NA,NA,1.8,NA,NA,NA,NA,TRUE
cases,2013,year,UR,canton,all,agegroup_food,all,41,35865,114.32,NA,NA,NA,0.5,NA,NA,NA,NA,TRUE
cases,2013,year,VD,canton,all,agegroup_food,all,566,749373,75.53,NA,NA,NA,7.5,NA,NA,NA,NA,TRUE
cases,2013,year,VS,canton,all,agegroup_food,all,331,327011,101.22,NA,NA,NA,4.4,NA,NA,NA,NA,TRUE
cases,2013,year,ZG,canton,all,agegroup_food,all,107,118118,90.59,NA,NA,NA,1.4,NA,NA,NA,NA,TRUE
cases,2013,year,ZH,canton,all,agegroup_food,all,1362,1425538,95.54,NA,NA,NA,18.2,NA,NA,NA,NA,TRUE
cases,2013,year,unknown,canton,all,agegroup_food,all,3,NA,NA,NA,NA,NA,0,NA,NA,NA,NA,TRUE
cases,2014,year,AG,canton,all,agegroup_food,all,497,645277,77.02,NA,NA,NA,6.6,NA,NA,NA,NA,TRUE
cases,2014,year,AI,canton,all,agegroup_food,all,22,15854,138.77,NA,NA,NA,0.3,NA,NA,NA,NA,TRUE
cases,2014,year,AR,canton,all,agegroup_food,all,59,54064,109.13,NA,NA,NA,0.8,NA,NA,NA,NA,TRUE
cases,2014,year,BE,canton,all,agegroup_food,all,992,1009418,98.27,NA,NA,NA,13.2,NA,NA,NA,NA,TRUE
cases,2014,year,BL,canton,all,agegroup_food,all,370,281301,131.53,NA,NA,NA,4.9,NA,NA,NA,NA,TRUE
cases,2014,year,BS,canton,all,agegroup_food,all,240,190580,125.93,NA,NA,NA,3.2,NA,NA,NA,NA,TRUE
cases,2014,year,CH,country,all,agegroup_food,all,7495,8237666,90.98,NA,NA,NA,99.3,NA,NA,NA,NA,TRUE
cases,2014,year,CHFL,CHFL,all,agegroup_food,all,7546,8274608,91.19,NA,NA,stagnant,100,-5,-1.16,-1.3,NA,TRUE
cases,2014,year,FL,country,all,agegroup_food,all,51,36942,138.05,NA,NA,NA,0.7,NA,NA,NA,NA,TRUE
cases,2014,year,FR,canton,all,agegroup_food,all,238,303377,78.45,NA,NA,NA,3.2,NA,NA,NA,NA,TRUE
cases,2014,year,GE,canton,all,agegroup_food,all,412,477385,86.3,NA,NA,NA,5.5,NA,NA,NA,NA,TRUE
cases,2014,year,GL,canton,all,agegroup_food,all,39,39794,98,NA,NA,NA,0.5,NA,NA,NA,NA,TRUE
cases,2014,year,GR,canton,all,agegroup_food,all,183,195886,93.42,NA,NA,NA,2.4,NA,NA,NA,NA,TRUE
cases,2014,year,JU,canton,all,agegroup_food,all,89,72410,122.91,NA,NA,NA,1.2,NA,NA,NA,NA,TRUE
cases,2014,year,LU,canton,all,agegroup_food,all,396,394604,100.35,NA,NA,NA,5.3,NA,NA,NA,NA,TRUE
cases,2014,year,NE,canton,all,agegroup_food,all,146,177327,82.33,NA,NA,NA,1.9,NA,NA,NA,NA,TRUE
cases,2014,year,NW,canton,all,agegroup_food,all,48,42080,114.07,NA,NA,NA,0.6,NA,NA,NA,NA,TRUE
cases,2014,year,OW,canton,all,agegroup_food,all,41,36834,111.31,NA,NA,NA,0.5,NA,NA,NA,NA,TRUE
cases,2014,year,SG,canton,all,agegroup_food,all,442,495824,89.14,NA,NA,NA,5.9,NA,NA,NA,NA,TRUE
cases,2014,year,SH,canton,all,agegroup_food,all,61,79417,76.81,NA,NA,NA,0.8,NA,NA,NA,NA,TRUE
cases,2014,year,SO,canton,all,agegroup_food,all,266,263719,100.86,NA,NA,NA,3.5,NA,NA,NA,NA,TRUE
cases,2014,year,SZ,canton,all,agegroup_food,all,143,152759,93.61,NA,NA,NA,1.9,NA,NA,NA,NA,TRUE
cases,2014,year,TG,canton,all,agegroup_food,all,271,263733,102.76,NA,NA,NA,3.6,NA,NA,NA,NA,TRUE
cases,2014,year,TI,canton,all,agegroup_food,all,219,350363,62.51,NA,NA,NA,2.9,NA,NA,NA,NA,TRUE
cases,2014,year,UR,canton,all,agegroup_food,all,38,36008,105.53,NA,NA,NA,0.5,NA,NA,NA,NA,TRUE
cases,2014,year,VD,canton,all,agegroup_food,all,557,761446,73.15,NA,NA,NA,7.4,NA,NA,NA,NA,TRUE
cases,2014,year,VS,canton,all,agegroup_food,all,354,331763,106.7,NA,NA,NA,4.7,NA,NA,NA,NA,TRUE
cases,2014,year,ZG,canton,all,agegroup_food,all,102,120089,84.94,NA,NA,NA,1.4,NA,NA,NA,NA,TRUE
cases,2014,year,ZH,canton,all,agegroup_food,all,1268,1446354,87.67,NA,NA,NA,16.9,NA,NA,NA,NA,TRUE
cases,2014,year,unknown,canton,all,agegroup_food,all,2,NA,NA,NA,NA,NA,0,NA,NA,NA,NA,TRUE
cases,2015,year,AG,canton,all,agegroup_food,all,475,653541,72.68,NA,506,NA,7,NA,NA,NA,NA,TRUE
cases,2015,year,AI,canton,all,agegroup_food,all,8,15973,50.08,NA,18.3,NA,0.1,NA,NA,NA,NA,TRUE
cases,2015,year,AR,canton,all,agegroup_food,all,23,54530,42.18,NA,44.7,NA,0.3,NA,NA,NA,NA,TRUE
cases,2015,year,BE,canton,all,agegroup_food,all,798,1017183,78.45,NA,916,NA,11.7,NA,NA,NA,NA,TRUE
cases,2015,year,BL,canton,all,agegroup_food,all,388,283157,137.03,NA,391.7,NA,5.7,NA,NA,NA,NA,TRUE
cases,2015,year,BS,canton,all,agegroup_food,all,212,191757,110.56,NA,227,NA,3.1,NA,NA,NA,NA,TRUE
cases,2015,year,CH,country,all,agegroup_food,all,6833,8325194,82.08,NA,7277.3,NA,99.5,NA,NA,NA,NA,TRUE
cases,2015,year,CHFL,CHFL,all,agegroup_food,all,6870,8362816,82.15,NA,7322.3,falling,100,-676,-9.04,-9.9,NA,TRUE
cases,2015,year,FL,country,all,agegroup_food,all,37,37622,98.35,NA,45,NA,0.5,NA,NA,NA,NA,TRUE
cases,2015,year,FR,canton,all,agegroup_food,all,287,307409,93.36,NA,239.3,NA,4.2,NA,NA,NA,NA,TRUE
cases,2015,year,GE,canton,all,agegroup_food,all,522,484445,107.75,NA,425,NA,7.6,NA,NA,NA,NA,TRUE
cases,2015,year,GL,canton,all,agegroup_food,all,24,40021,59.97,NA,32,NA,0.4,NA,NA,NA,NA,TRUE
cases,2015,year,GR,canton,all,agegroup_food,all,174,196564,88.52,NA,182.7,NA,2.5,NA,NA,NA,NA,TRUE
cases,2015,year,JU,canton,all,agegroup_food,all,84,72771,115.43,NA,92,NA,1.2,NA,NA,NA,NA,TRUE
cases,2015,year,LU,canton,all,agegroup_food,all,299,398699,74.99,NA,355.3,NA,4.4,NA,NA,NA,NA,TRUE
cases,2015,year,NE,canton,all,agegroup_food,all,177,178073,99.4,NA,156.7,NA,2.6,NA,NA,NA,NA,TRUE
cases,2015,year,NW,canton,all,agegroup_food,all,55,42416,129.67,NA,51.7,NA,0.8,NA,NA,NA,NA,TRUE
cases,2015,year,OW,canton,all,agegroup_food,all,33,37071,89.02,NA,36,NA,0.5,NA,NA,NA,NA,TRUE
cases,2015,year,SG,canton,all,agegroup_food,all,244,499006,48.9,NA,387,NA,3.6,NA,NA,NA,NA,TRUE
cases,2015,year,SH,canton,all,agegroup_food,all,41,79828,51.36,NA,58.3,NA,0.6,NA,NA,NA,NA,TRUE
cases,2015,year,SO,canton,all,agegroup_food,all,254,266369,95.36,NA,275.7,NA,3.7,NA,NA,NA,NA,TRUE
cases,2015,year,SZ,canton,all,agegroup_food,all,108,154073,70.1,NA,130.7,NA,1.6,NA,NA,NA,NA,TRUE
cases,2015,year,TG,canton,all,agegroup_food,all,176,267393,65.82,NA,240.3,NA,2.6,NA,NA,NA,NA,TRUE
cases,2015,year,TI,canton,all,agegroup_food,all,229,351894,65.08,NA,193.3,NA,3.4,NA,NA,NA,NA,TRUE
cases,2015,year,UR,canton,all,agegroup_food,all,30,35971,83.4,NA,36.3,NA,0.4,NA,NA,NA,NA,TRUE
cases,2015,year,VD,canton,all,agegroup_food,all,640,773239,82.77,NA,587.7,NA,9.4,NA,NA,NA,NA,TRUE
cases,2015,year,VS,canton,all,agegroup_food,all,357,335622,106.37,NA,347.3,NA,5.2,NA,NA,NA,NA,TRUE
cases,2015,year,ZG,canton,all,agegroup_food,all,98,122113,80.25,NA,102.3,NA,1.4,NA,NA,NA,NA,TRUE
cases,2015,year,ZH,canton,all,agegroup_food,all,1092,1466076,74.48,NA,1240.7,NA,16,NA,NA,NA,NA,TRUE
cases,2015,year,unknown,canton,all,agegroup_food,all,5,NA,NA,NA,3.3,NA,0.1,NA,NA,NA,NA,TRUE
cases,2016,year,AG,canton,all,agegroup_food,all,623,663462,93.9,NA,531.7,NA,7.8,NA,NA,NA,NA,TRUE
cases,2016,year,AI,canton,all,agegroup_food,all,13,16003,81.23,NA,14.3,NA,0.2,NA,NA,NA,NA,TRUE
cases,2016,year,AR,canton,all,agegroup_food,all,36,54954,65.51,NA,39.3,NA,0.4,NA,NA,NA,NA,TRUE
cases,2016,year,BE,canton,all,agegroup_food,all,990,1026513,96.44,NA,926.7,NA,12.4,NA,NA,NA,NA,TRUE
cases,2016,year,BL,canton,all,agegroup_food,all,389,285624,136.19,NA,382.3,NA,4.9,NA,NA,NA,NA,TRUE
cases,2016,year,BS,canton,all,agegroup_food,all,224,193070,116.02,NA,225.3,NA,2.8,NA,NA,NA,NA,TRUE
cases,2016,year,CH,country,all,agegroup_food,all,8015,8419550,95.2,NA,7447.7,NA,99.3,NA,NA,NA,NA,TRUE
cases,2016,year,CHFL,CHFL,all,agegroup_food,all,8075,8457360,95.48,NA,7497,rising,100,1205,13.33,16.2,NA,TRUE
cases,2016,year,FL,country,all,agegroup_food,all,60,37810,158.69,NA,49.3,NA,0.7,NA,NA,NA,NA,TRUE
cases,2016,year,FR,canton,all,agegroup_food,all,302,311914,96.82,NA,275.7,NA,3.8,NA,NA,NA,NA,TRUE
cases,2016,year,GE,canton,all,agegroup_food,all,519,489524,106.02,NA,484.3,NA,6.5,NA,NA,NA,NA,TRUE
cases,2016,year,GL,canton,all,agegroup_food,all,31,40147,77.22,NA,31.3,NA,0.4,NA,NA,NA,NA,TRUE
cases,2016,year,GR,canton,all,agegroup_food,all,207,197550,104.78,NA,188,NA,2.6,NA,NA,NA,NA,TRUE
cases,2016,year,JU,canton,all,agegroup_food,all,88,73122,120.35,NA,87,NA,1.1,NA,NA,NA,NA,TRUE
cases,2016,year,LU,canton,all,agegroup_food,all,430,403397,106.59,NA,375,NA,5.4,NA,NA,NA,NA,TRUE
cases,2016,year,NE,canton,all,agegroup_food,all,168,178567,94.08,NA,163.7,NA,2.1,NA,NA,NA,NA,TRUE
cases,2016,year,NW,canton,all,agegroup_food,all,57,42556,133.94,NA,53.3,NA,0.7,NA,NA,NA,NA,TRUE
cases,2016,year,OW,canton,all,agegroup_food,all,51,37378,136.44,NA,41.7,NA,0.6,NA,NA,NA,NA,TRUE
cases,2016,year,SG,canton,all,agegroup_food,all,357,502552,71.04,NA,347.7,NA,4.5,NA,NA,NA,NA,TRUE
cases,2016,year,SH,canton,all,agegroup_food,all,55,80769,68.1,NA,52.3,NA,0.7,NA,NA,NA,NA,TRUE
cases,2016,year,SO,canton,all,agegroup_food,all,291,269441,108,NA,270.3,NA,3.6,NA,NA,NA,NA,TRUE
cases,2016,year,SZ,canton,all,agegroup_food,all,153,155863,98.16,NA,134.7,NA,1.9,NA,NA,NA,NA,TRUE
cases,2016,year,TG,canton,all,agegroup_food,all,200,270709,73.88,NA,215.7,NA,2.5,NA,NA,NA,NA,TRUE
cases,2016,year,TI,canton,all,agegroup_food,all,296,354375,83.53,NA,248,NA,3.7,NA,NA,NA,NA,TRUE
cases,2016,year,UR,canton,all,agegroup_food,all,39,36145,107.9,NA,35.7,NA,0.5,NA,NA,NA,NA,TRUE
cases,2016,year,VD,canton,all,agegroup_food,all,739,784822,94.16,NA,645.3,NA,9.2,NA,NA,NA,NA,TRUE
cases,2016,year,VS,canton,all,agegroup_food,all,367,339176,108.2,NA,359.3,NA,4.6,NA,NA,NA,NA,TRUE
cases,2016,year,ZG,canton,all,agegroup_food,all,121,123948,97.62,NA,107,NA,1.5,NA,NA,NA,NA,TRUE
cases,2016,year,ZH,canton,all,agegroup_food,all,1264,1487969,84.95,NA,1208,NA,15.8,NA,NA,NA,NA,TRUE
cases,2016,year,unknown,canton,all,agegroup_food,all,5,NA,NA,NA,4,NA,0.1,NA,NA,NA,NA,TRUE
cases,2017,year,AG,canton,all,agegroup_food,all,519,670988,77.35,NA,539,NA,7.2,NA,NA,NA,NA,TRUE
cases,2017,year,AI,canton,all,agegroup_food,all,11,16105,68.3,NA,10.7,NA,0.2,NA,NA,NA,NA,TRUE
cases,2017,year,AR,canton,all,agegroup_food,all,28,55178,50.74,NA,29,NA,0.4,NA,NA,NA,NA,TRUE
cases,2017,year,BE,canton,all,agegroup_food,all,830,1031126,80.49,NA,872.7,NA,11.5,NA,NA,NA,NA,TRUE
cases,2017,year,BL,canton,all,agegroup_food,all,330,287023,114.97,NA,369,NA,4.6,NA,NA,NA,NA,TRUE
cases,2017,year,BS,canton,all,agegroup_food,all,204,193908,105.2,NA,213.3,NA,2.8,NA,NA,NA,NA,TRUE
cases,2017,year,CH,country,all,agegroup_food,all,7199,8484130,84.85,NA,7349,NA,99.4,NA,NA,NA,NA,TRUE
cases,2017,year,CHFL,CHFL,all,agegroup_food,all,7242,8522244,84.98,NA,7395.7,falling,100,-833,-10.5,-11,7456.8,TRUE
cases,2017,year,FL,country,all,agegroup_food,all,43,38114,112.82,NA,46.7,NA,0.6,NA,NA,NA,NA,TRUE
cases,2017,year,FR,canton,all,agegroup_food,all,333,315074,105.69,NA,307.3,NA,4.6,NA,NA,NA,NA,TRUE
cases,2017,year,GE,canton,all,agegroup_food,all,566,495249,114.29,NA,535.7,NA,7.9,NA,NA,NA,NA,TRUE
cases,2017,year,GL,canton,all,agegroup_food,all,32,40349,79.31,NA,29,NA,0.4,NA,NA,NA,NA,TRUE
cases,2017,year,GR,canton,all,agegroup_food,all,160,197888,80.85,NA,180.3,NA,2.2,NA,NA,NA,NA,TRUE
cases,2017,year,JU,canton,all,agegroup_food,all,96,73290,130.99,NA,89.3,NA,1.3,NA,NA,NA,NA,TRUE
cases,2017,year,LU,canton,all,agegroup_food,all,292,406506,71.83,NA,340.3,NA,4.1,NA,NA,NA,NA,TRUE
cases,2017,year,NE,canton,all,agegroup_food,all,169,177964,94.96,NA,171.3,NA,2.3,NA,NA,NA,NA,TRUE
cases,2017,year,NW,canton,all,agegroup_food,all,39,42969,90.76,NA,50.3,NA,0.5,NA,NA,NA,NA,TRUE
cases,2017,year,OW,canton,all,agegroup_food,all,41,37575,109.12,NA,41.7,NA,0.6,NA,NA,NA,NA,TRUE
cases,2017,year,SG,canton,all,agegroup_food,all,332,504686,65.78,NA,311,NA,4.6,NA,NA,NA,NA,TRUE
cases,2017,year,SH,canton,all,agegroup_food,all,72,81351,88.51,NA,56,NA,1,NA,NA,NA,NA,TRUE
cases,2017,year,SO,canton,all,agegroup_food,all,229,271432,84.37,NA,258,NA,3.2,NA,NA,NA,NA,TRUE
cases,2017,year,SZ,canton,all,agegroup_food,all,132,157301,83.92,NA,131,NA,1.8,NA,NA,NA,NA,TRUE
cases,2017,year,TG,canton,all,agegroup_food,all,195,273801,71.22,NA,190.3,NA,2.7,NA,NA,NA,NA,TRUE
cases,2017,year,TI,canton,all,agegroup_food,all,252,353709,71.25,NA,259,NA,3.5,NA,NA,NA,NA,TRUE
cases,2017,year,UR,canton,all,agegroup_food,all,36,36299,99.18,NA,35,NA,0.5,NA,NA,NA,NA,TRUE
cases,2017,year,VD,canton,all,agegroup_food,all,679,793129,85.61,NA,686,NA,9.4,NA,NA,NA,NA,TRUE
cases,2017,year,VS,canton,all,agegroup_food,all,370,341463,108.36,NA,364.7,NA,5.1,NA,NA,NA,NA,TRUE
cases,2017,year,ZG,canton,all,agegroup_food,all,93,125421,74.15,NA,104,NA,1.3,NA,NA,NA,NA,TRUE
cases,2017,year,ZH,canton,all,agegroup_food,all,1142,1504346,75.91,NA,1166,NA,15.9,NA,NA,NA,NA,TRUE
cases,2017,year,unknown,canton,all,agegroup_food,all,17,NA,NA,NA,9,NA,0.2,NA,NA,NA,NA,TRUE
cases,2018,year,AG,canton,all,agegroup_food,all,459,678207,67.68,NA,533.7,NA,6,NA,NA,NA,NA,TRUE
cases,2018,year,AI,canton,all,agegroup_food,all,13,16145,80.52,NA,12.3,NA,0.2,NA,NA,NA,NA,TRUE
cases,2018,year,AR,canton,all,agegroup_food,all,44,55234,79.66,NA,36,NA,0.6,NA,NA,NA,NA,TRUE
cases,2018,year,BE,canton,all,agegroup_food,all,925,1034977,89.37,NA,915,NA,12.1,NA,NA,NA,NA,TRUE
cases,2018,year,BL,canton,all,agegroup_food,all,375,288132,130.15,NA,364.7,NA,4.9,NA,NA,NA,NA,TRUE
cases,2018,year,BS,canton,all,agegroup_food,all,186,194766,95.5,NA,204.7,NA,2.4,NA,NA,NA,NA,TRUE
cases,2018,year,CH,country,all,agegroup_food,all,7673,8544527,89.8,NA,7629,NA,99.3,NA,NA,NA,NA,TRUE
cases,2018,year,CHFL,CHFL,all,agegroup_food,all,7728,8582905,90.04,NA,7681.7,rising,100,486,5.06,6,7492.2,TRUE
cases,2018,year,FL,country,all,agegroup_food,all,55,38378,143.31,NA,52.7,NA,0.7,NA,NA,NA,NA,TRUE
cases,2018,year,FR,canton,all,agegroup_food,all,351,318714,110.13,NA,328.7,NA,4.6,NA,NA,NA,NA,TRUE
cases,2018,year,GE,canton,all,agegroup_food,all,612,499480,122.53,NA,565.7,NA,8,NA,NA,NA,NA,TRUE
cases,2018,year,GL,canton,all,agegroup_food,all,25,40403,61.88,NA,29.3,NA,0.3,NA,NA,NA,NA,TRUE
cases,2018,year,GR,canton,all,agegroup_food,all,154,198379,77.63,NA,173.7,NA,2,NA,NA,NA,NA,TRUE
cases,2018,year,JU,canton,all,agegroup_food,all,107,73419,145.74,NA,97,NA,1.4,NA,NA,NA,NA,TRUE
cases,2018,year,LU,canton,all,agegroup_food,all,331,409557,80.82,NA,351,NA,4.3,NA,NA,NA,NA,TRUE
cases,2018,year,NE,canton,all,agegroup_food,all,214,176850,121.01,NA,183.7,NA,2.8,NA,NA,NA,NA,TRUE
cases,2018,year,NW,canton,all,agegroup_food,all,46,43223,106.42,NA,47.3,NA,0.6,NA,NA,NA,NA,TRUE
cases,2018,year,OW,canton,all,agegroup_food,all,24,37841,63.42,NA,38.7,NA,0.3,NA,NA,NA,NA,TRUE
cases,2018,year,SG,canton,all,agegroup_food,all,382,507697,75.24,NA,357,NA,5,NA,NA,NA,NA,TRUE
cases,2018,year,SH,canton,all,agegroup_food,all,72,81991,87.81,NA,66.3,NA,0.9,NA,NA,NA,NA,TRUE
cases,2018,year,SO,canton,all,agegroup_food,all,257,273194,94.07,NA,259,NA,3.3,NA,NA,NA,NA,TRUE
cases,2018,year,SZ,canton,all,agegroup_food,all,116,159165,72.88,NA,133.7,NA,1.5,NA,NA,NA,NA,TRUE
cases,2018,year,TG,canton,all,agegroup_food,all,178,276472,64.38,NA,191,NA,2.3,NA,NA,NA,NA,TRUE
cases,2018,year,TI,canton,all,agegroup_food,all,326,353343,92.26,NA,291.3,NA,4.2,NA,NA,NA,NA,TRUE
cases,2018,year,UR,canton,all,agegroup_food,all,36,36433,98.81,NA,37,NA,0.5,NA,NA,NA,NA,TRUE
cases,2018,year,VD,canton,all,agegroup_food,all,753,799145,94.23,NA,723.7,NA,9.8,NA,NA,NA,NA,TRUE
cases,2018,year,VS,canton,all,agegroup_food,all,425,343955,123.56,NA,387.3,NA,5.5,NA,NA,NA,NA,TRUE
cases,2018,year,ZG,canton,all,agegroup_food,all,92,126837,72.53,NA,102,NA,1.2,NA,NA,NA,NA,TRUE
cases,2018,year,ZH,canton,all,agegroup_food,all,1165,1520968,76.6,NA,1190.3,NA,15.2,NA,NA,NA,NA,TRUE
cases,2018,year,unknown,canton,all,agegroup_food,all,5,NA,NA,NA,9,NA,0.1,NA,NA,NA,NA,TRUE
cases,2019,year,AG,canton,all,agegroup_food,all,490,685845,71.44,NA,489.3,NA,6.8,NA,NA,NA,NA,TRUE
cases,2019,year,AI,canton,all,agegroup_food,all,11,16128,68.2,NA,11.7,NA,0.2,NA,NA,NA,NA,TRUE
cases,2019,year,AR,canton,all,agegroup_food,all,23,55445,41.48,NA,31.7,NA,0.3,NA,NA,NA,NA,TRUE
cases,2019,year,BE,canton,all,agegroup_food,all,762,1039474,73.31,NA,839,NA,10.6,NA,NA,NA,NA,TRUE
cases,2019,year,BL,canton,all,agegroup_food,all,303,289468,104.67,NA,336,NA,4.2,NA,NA,NA,NA,TRUE
cases,2019,year,BS,canton,all,agegroup_food,all,181,195844,92.42,NA,190.3,NA,2.5,NA,NA,NA,NA,TRUE
cases,2019,year,CH,country,all,agegroup_food,all,7219,8606033,83.88,NA,7363.7,NA,99.5,NA,NA,NA,NA,TRUE
cases,2019,year,CHFL,CHFL,all,agegroup_food,all,7253,8644780,83.9,NA,7407.7,falling,100,-475,-6.14,-6.8,7433.6,TRUE
cases,2019,year,FL,country,all,agegroup_food,all,34,38747,87.75,NA,44,NA,0.5,NA,NA,NA,NA,TRUE
cases,2019,year,FR,canton,all,agegroup_food,all,334,321783,103.8,NA,339.3,NA,4.6,NA,NA,NA,NA,TRUE
cases,2019,year,GE,canton,all,agegroup_food,all,563,504128,111.68,NA,580.3,NA,7.8,NA,NA,NA,NA,TRUE
cases,2019,year,GL,canton,all,agegroup_food,all,24,40590,59.13,NA,27,NA,0.3,NA,NA,NA,NA,TRUE
cases,2019,year,GR,canton,all,agegroup_food,all,149,199021,74.87,NA,154.3,NA,2.1,NA,NA,NA,NA,TRUE
cases,2019,year,JU,canton,all,agegroup_food,all,88,73584,119.59,NA,97,NA,1.2,NA,NA,NA,NA,TRUE
cases,2019,year,LU,canton,all,agegroup_food,all,318,413120,76.98,NA,313.7,NA,4.4,NA,NA,NA,NA,TRUE
cases,2019,year,NE,canton,all,agegroup_food,all,170,176496,96.32,NA,184.3,NA,2.4,NA,NA,NA,NA,TRUE
cases,2019,year,NW,canton,all,agegroup_food,all,43,43087,99.8,NA,42.7,NA,0.6,NA,NA,NA,NA,TRUE
cases,2019,year,OW,canton,all,agegroup_food,all,33,37930,87,NA,32.7,NA,0.5,NA,NA,NA,NA,TRUE
cases,2019,year,SG,canton,all,agegroup_food,all,342,510734,66.96,NA,352,NA,4.7,NA,NA,NA,NA,TRUE
cases,2019,year,SH,canton,all,agegroup_food,all,56,82348,68,NA,66.7,NA,0.8,NA,NA,NA,NA,TRUE
cases,2019,year,SO,canton,all,agegroup_food,all,225,275247,81.74,NA,237,NA,3.1,NA,NA,NA,NA,TRUE
cases,2019,year,SZ,canton,all,agegroup_food,all,138,160480,85.99,NA,128.7,NA,1.9,NA,NA,NA,NA,TRUE
cases,2019,year,TG,canton,all,agegroup_food,all,167,279547,59.74,NA,180,NA,2.3,NA,NA,NA,NA,TRUE
cases,2019,year,TI,canton,all,agegroup_food,all,314,351491,89.33,NA,297.3,NA,4.3,NA,NA,NA,NA,TRUE
cases,2019,year,UR,canton,all,agegroup_food,all,25,36703,68.11,NA,32.3,NA,0.3,NA,NA,NA,NA,TRUE
cases,2019,year,VD,canton,all,agegroup_food,all,772,805098,95.89,NA,734.7,NA,10.7,NA,NA,NA,NA,TRUE
cases,2019,year,VS,canton,all,agegroup_food,all,419,345525,121.26,NA,404.7,NA,5.8,NA,NA,NA,NA,TRUE
cases,2019,year,ZG,canton,all,agegroup_food,all,117,127642,91.66,NA,100.7,NA,1.6,NA,NA,NA,NA,TRUE
cases,2019,year,ZH,canton,all,agegroup_food,all,1144,1539275,74.32,NA,1150.3,NA,15.8,NA,NA,NA,NA,TRUE
cases,2019,year,unknown,canton,all,agegroup_food,all,8,NA,NA,NA,10,NA,0.1,NA,NA,NA,NA,TRUE
cases,2020,year,AG,canton,all,agegroup_food,all,426,694072,61.38,NA,458.3,NA,7.1,NA,NA,NA,NA,TRUE
cases,2020,year,AI,canton,all,agegroup_food,all,10,16293,61.38,NA,11.3,NA,0.2,NA,NA,NA,NA,TRUE
cases,2020,year,AR,canton,all,agegroup_food,all,22,55309,39.78,NA,29.7,NA,0.4,NA,NA,NA,NA,TRUE
cases,2020,year,BE,canton,all,agegroup_food,all,696,1043132,66.72,NA,794.3,NA,11.6,NA,NA,NA,NA,TRUE
cases,2020,year,BL,canton,all,agegroup_food,all,244,290969,83.86,NA,307.3,NA,4.1,NA,NA,NA,NA,TRUE
cases,2020,year,BS,canton,all,agegroup_food,all,152,196735,77.26,NA,173,NA,2.5,NA,NA,NA,NA,TRUE
cases,2020,year,CH,country,all,agegroup_food,all,6004,8670300,69.25,NA,6965.3,NA,99.4,NA,NA,NA,NA,TRUE
cases,2020,year,CHFL,CHFL,all,agegroup_food,all,6042,8709355,69.37,NA,7007.7,falling,100,-1211,-14.53,-17.3,7268,TRUE
cases,2020,year,FL,country,all,agegroup_food,all,38,39055,97.3,NA,42.3,NA,0.6,NA,NA,NA,NA,TRUE
cases,2020,year,FR,canton,all,agegroup_food,all,250,325496,76.81,NA,311.7,NA,4.2,NA,NA,NA,NA,TRUE
cases,2020,year,GE,canton,all,agegroup_food,all,427,506343,84.33,NA,534,NA,7.1,NA,NA,NA,NA,TRUE
cases,2020,year,GL,canton,all,agegroup_food,all,33,40851,80.78,NA,27.3,NA,0.5,NA,NA,NA,NA,TRUE
cases,2020,year,GR,canton,all,agegroup_food,all,135,200096,67.47,NA,146,NA,2.2,NA,NA,NA,NA,TRUE
cases,2020,year,JU,canton,all,agegroup_food,all,84,73709,113.96,NA,93,NA,1.4,NA,NA,NA,NA,TRUE
cases,2020,year,LU,canton,all,agegroup_food,all,260,416347,62.45,NA,303,NA,4.3,NA,NA,NA,NA,TRUE
cases,2020,year,NE,canton,all,agegroup_food,all,154,175894,87.55,NA,179.3,NA,2.6,NA,NA,NA,NA,TRUE
cases,2020,year,NW,canton,all,agegroup_food,all,20,43520,45.96,NA,36.3,NA,0.3,NA,NA,NA,NA,TRUE
cases,2020,year,OW,canton,all,agegroup_food,all,29,38108,76.1,NA,28.7,NA,0.5,NA,NA,NA,NA,TRUE
cases,2020,year,SG,canton,all,agegroup_food,all,274,514504,53.26,NA,332.7,NA,4.6,NA,NA,NA,NA,TRUE
cases,2020,year,SH,canton,all,agegroup_food,all,51,83107,61.37,NA,59.7,NA,0.8,NA,NA,NA,NA,TRUE
cases,2020,year,SO,canton,all,agegroup_food,all,179,277462,64.51,NA,220.3,NA,3,NA,NA,NA,NA,TRUE
cases,2020,year,SZ,canton,all,agegroup_food,all,98,162157,60.44,NA,117.3,NA,1.6,NA,NA,NA,NA,TRUE
cases,2020,year,TG,canton,all,agegroup_food,all,172,282909,60.8,NA,172.3,NA,2.9,NA,NA,NA,NA,TRUE
cases,2020,year,TI,canton,all,agegroup_food,all,253,350986,72.08,NA,297.7,NA,4.2,NA,NA,NA,NA,TRUE
cases,2020,year,UR,canton,all,agegroup_food,all,26,36819,70.62,NA,29,NA,0.4,NA,NA,NA,NA,TRUE
cases,2020,year,VD,canton,all,agegroup_food,all,653,814762,80.15,NA,726,NA,10.9,NA,NA,NA,NA,TRUE
cases,2020,year,VS,canton,all,agegroup_food,all,348,348503,99.86,NA,397.3,NA,5.8,NA,NA,NA,NA,TRUE
cases,2020,year,ZG,canton,all,agegroup_food,all,72,128794,55.9,NA,93.7,NA,1.2,NA,NA,NA,NA,TRUE
cases,2020,year,ZH,canton,all,agegroup_food,all,932,1553423,60,NA,1080.3,NA,15.5,NA,NA,NA,NA,TRUE
cases,2020,year,unknown,canton,all,agegroup_food,all,4,NA,NA,NA,5.7,NA,0.1,NA,NA,NA,NA,TRUE
cases,2021,year,AG,canton,all,agegroup_food,all,478,703086,67.99,NA,464.7,NA,7.1,NA,NA,NA,NA,TRUE
cases,2021,year,AI,canton,all,agegroup_food,all,9,16360,55.01,NA,10,NA,0.1,NA,NA,NA,NA,TRUE
cases,2021,year,AR,canton,all,agegroup_food,all,29,55585,52.17,NA,24.7,NA,0.4,NA,NA,NA,NA,TRUE
cases,2021,year,BE,canton,all,agegroup_food,all,715,1047473,68.26,NA,724.3,NA,10.6,NA,NA,NA,NA,TRUE
cases,2021,year,BL,canton,all,agegroup_food,all,310,292817,105.87,NA,285.7,NA,4.6,NA,NA,NA,NA,TRUE
cases,2021,year,BS,canton,all,agegroup_food,all,137,196036,69.89,NA,156.7,NA,2,NA,NA,NA,NA,TRUE
cases,2021,year,CH,country,all,agegroup_food,all,6764,8738791,77.4,NA,6662.3,NA,99.4,NA,NA,NA,NA,TRUE
cases,2021,year,CHFL,CHFL,all,agegroup_food,all,6802,8778099,77.49,NA,6699,rising,100,760,8.12,11.7,7013.4,TRUE
cases,2021,year,FL,country,all,agegroup_food,all,38,39308,96.67,NA,36.7,NA,0.6,NA,NA,NA,NA,TRUE
cases,2021,year,FR,canton,all,agegroup_food,all,319,329809,96.72,NA,301,NA,4.7,NA,NA,NA,NA,TRUE
cases,2021,year,GE,canton,all,agegroup_food,all,485,509448,95.2,NA,491.7,NA,7.2,NA,NA,NA,NA,TRUE
cases,2021,year,GL,canton,all,agegroup_food,all,32,41190,77.69,NA,29.7,NA,0.5,NA,NA,NA,NA,TRUE
cases,2021,year,GR,canton,all,agegroup_food,all,133,201376,66.05,NA,139,NA,2,NA,NA,NA,NA,TRUE
cases,2021,year,JU,canton,all,agegroup_food,all,91,73798,123.31,NA,87.7,NA,1.3,NA,NA,NA,NA,TRUE
cases,2021,year,LU,canton,all,agegroup_food,all,269,420326,64,NA,282.3,NA,4,NA,NA,NA,NA,TRUE
cases,2021,year,NE,canton,all,agegroup_food,all,193,176166,109.56,NA,172.3,NA,2.9,NA,NA,NA,NA,TRUE
cases,2021,year,NW,canton,all,agegroup_food,all,34,43894,77.46,NA,32.3,NA,0.5,NA,NA,NA,NA,TRUE
cases,2021,year,OW,canton,all,agegroup_food,all,39,38435,101.47,NA,33.7,NA,0.6,NA,NA,NA,NA,TRUE
cases,2021,year,SG,canton,all,agegroup_food,all,322,519245,62.01,NA,312.7,NA,4.8,NA,NA,NA,NA,TRUE
cases,2021,year,SH,canton,all,agegroup_food,all,71,83995,84.53,NA,59.3,NA,1,NA,NA,NA,NA,TRUE
cases,2021,year,SO,canton,all,agegroup_food,all,230,280245,82.07,NA,211.3,NA,3.4,NA,NA,NA,NA,TRUE
cases,2021,year,SZ,canton,all,agegroup_food,all,127,163689,77.59,NA,121,NA,1.9,NA,NA,NA,NA,TRUE
cases,2021,year,TG,canton,all,agegroup_food,all,147,285964,51.41,NA,162,NA,2.2,NA,NA,NA,NA,TRUE
cases,2021,year,TI,canton,all,agegroup_food,all,295,352181,83.76,NA,287.3,NA,4.4,NA,NA,NA,NA,TRUE
cases,2021,year,UR,canton,all,agegroup_food,all,24,37047,64.78,NA,25,NA,0.4,NA,NA,NA,NA,TRUE
cases,2021,year,VD,canton,all,agegroup_food,all,784,822968,95.26,NA,736.3,NA,11.6,NA,NA,NA,NA,TRUE
cases,2021,year,VS,canton,all,agegroup_food,all,398,353209,112.68,NA,388.3,NA,5.9,NA,NA,NA,NA,TRUE
cases,2021,year,ZG,canton,all,agegroup_food,all,93,129787,71.66,NA,94,NA,1.4,NA,NA,NA,NA,TRUE
cases,2021,year,ZH,canton,all,agegroup_food,all,989,1564662,63.21,NA,1021.7,NA,14.6,NA,NA,NA,NA,TRUE
cases,2021,year,unknown,canton,all,agegroup_food,all,11,NA,NA,NA,7.7,NA,0.2,NA,NA,NA,NA,TRUE
cases,2022,year,AG,canton,all,agegroup_food,all,588,711232,82.67,NA,497.3,NA,7.7,NA,NA,NA,NA,TRUE
cases,2022,year,AI,canton,all,agegroup_food,all,7,16416,42.64,NA,8.7,NA,0.1,NA,NA,NA,NA,TRUE
cases,2022,year,AR,canton,all,agegroup_food,all,30,55759,53.8,NA,27,NA,0.4,NA,NA,NA,NA,TRUE
cases,2022,year,BE,canton,all,agegroup_food,all,785,1051437,74.66,NA,732,NA,10.3,NA,NA,NA,NA,TRUE
cases,2022,year,BL,canton,all,agegroup_food,all,397,294417,134.84,NA,317,NA,5.2,NA,NA,NA,NA,TRUE
cases,2022,year,BS,canton,all,agegroup_food,all,212,196786,107.73,NA,167,NA,2.8,NA,NA,NA,NA,TRUE
cases,2022,year,CH,country,all,agegroup_food,all,7593,8815385,86.13,NA,6787,NA,99.3,NA,NA,NA,NA,TRUE
cases,2022,year,CHFL,CHFL,all,agegroup_food,all,7645,8855062,86.33,NA,6829.7,rising,100,843,8.84,11.4,7094,TRUE
cases,2022,year,FL,country,all,agegroup_food,all,52,39677,131.06,NA,42.7,NA,0.7,NA,NA,NA,NA,TRUE
cases,2022,year,FR,canton,all,agegroup_food,all,261,334465,78.04,NA,276.7,NA,3.4,NA,NA,NA,NA,TRUE
cases,2022,year,GE,canton,all,agegroup_food,all,484,514114,94.14,NA,465.3,NA,6.4,NA,NA,NA,NA,TRUE
cases,2022,year,GL,canton,all,agegroup_food,all,37,41471,89.22,NA,34,NA,0.5,NA,NA,NA,NA,TRUE
cases,2022,year,GR,canton,all,agegroup_food,all,177,202538,87.39,NA,148.3,NA,2.3,NA,NA,NA,NA,TRUE
cases,2022,year,JU,canton,all,agegroup_food,all,97,73865,131.32,NA,90.7,NA,1.3,NA,NA,NA,NA,TRUE
cases,2022,year,LU,canton,all,agegroup_food,all,317,424851,74.61,NA,282,NA,4.2,NA,NA,NA,NA,TRUE
cases,2022,year,NE,canton,all,agegroup_food,all,189,176571,107.04,NA,178.7,NA,2.5,NA,NA,NA,NA,TRUE
cases,2022,year,NW,canton,all,agegroup_food,all,43,44420,96.8,NA,32.3,NA,0.6,NA,NA,NA,NA,TRUE
cases,2022,year,OW,canton,all,agegroup_food,all,37,38700,95.61,NA,35,NA,0.5,NA,NA,NA,NA,TRUE
cases,2022,year,SG,canton,all,agegroup_food,all,381,525967,72.44,NA,325.7,NA,5,NA,NA,NA,NA,TRUE
cases,2022,year,SH,canton,all,agegroup_food,all,56,85214,65.72,NA,59.3,NA,0.7,NA,NA,NA,NA,TRUE
cases,2022,year,SO,canton,all,agegroup_food,all,233,282408,82.5,NA,214,NA,3.1,NA,NA,NA,NA,TRUE
cases,2022,year,SZ,canton,all,agegroup_food,all,125,164920,75.79,NA,116.7,NA,1.6,NA,NA,NA,NA,TRUE
cases,2022,year,TG,canton,all,agegroup_food,all,190,289650,65.6,NA,169.7,NA,2.5,NA,NA,NA,NA,TRUE
cases,2022,year,TI,canton,all,agegroup_food,all,402,354023,113.55,NA,316.7,NA,5.3,NA,NA,NA,NA,TRUE
cases,2022,year,UR,canton,all,agegroup_food,all,18,37317,48.24,NA,22.7,NA,0.2,NA,NA,NA,NA,TRUE
cases,2022,year,VD,canton,all,agegroup_food,all,787,830431,94.77,NA,741.3,NA,10.4,NA,NA,NA,NA,TRUE
cases,2022,year,VS,canton,all,agegroup_food,all,425,357282,118.95,NA,390.3,NA,5.6,NA,NA,NA,NA,TRUE
cases,2022,year,ZG,canton,all,agegroup_food,all,140,131164,106.74,NA,101.7,NA,1.8,NA,NA,NA,NA,TRUE
cases,2022,year,ZH,canton,all,agegroup_food,all,1157,1579967,73.23,NA,1026,NA,15.2,NA,NA,NA,NA,TRUE
cases,2022,year,unknown,canton,all,agegroup_food,all,18,NA,NA,NA,11,NA,0.2,NA,NA,NA,NA,TRUE
cases,2023,year,AG,canton,all,agegroup_food,all,432,726894,59.43,NA,499.3,NA,6.4,NA,NA,NA,NA,TRUE
cases,2023,year,AI,canton,all,agegroup_food,all,11,16585,66.32,NA,9,NA,0.2,NA,NA,NA,NA,TRUE
cases,2023,year,AR,canton,all,agegroup_food,all,28,56495,49.56,NA,29,NA,0.4,NA,NA,NA,NA,TRUE
cases,2023,year,BE,canton,all,agegroup_food,all,755,1063533,70.99,NA,751.7,NA,11.2,NA,NA,NA,NA,TRUE
cases,2023,year,BL,canton,all,agegroup_food,all,250,298837,83.66,NA,319,NA,3.7,NA,NA,NA,NA,TRUE
cases,2023,year,BS,canton,all,agegroup_food,all,123,200031,61.49,NA,157.3,NA,1.8,NA,NA,NA,NA,TRUE
cases,2023,year,CH,country,all,agegroup_food,all,6734,8962258,75.14,NA,7030.3,NA,99.3,NA,NA,NA,NA,TRUE
cases,2023,year,CHFL,CHFL,all,agegroup_food,all,6784,9002273,75.36,NA,7077,falling,100,-861,-10.97,-12.7,6905.2,TRUE
cases,2023,year,FL,country,all,agegroup_food,all,50,40015,124.95,NA,46.7,NA,0.7,NA,NA,NA,NA,TRUE
cases,2023,year,FR,canton,all,agegroup_food,all,271,341537,79.35,NA,283.7,NA,4,NA,NA,NA,NA,TRUE
cases,2023,year,GE,canton,all,agegroup_food,all,481,524410,91.72,NA,483.3,NA,7.1,NA,NA,NA,NA,TRUE
cases,2023,year,GL,canton,all,agegroup_food,all,31,42056,73.71,NA,33.3,NA,0.5,NA,NA,NA,NA,TRUE
cases,2023,year,GR,canton,all,agegroup_food,all,139,204888,67.84,NA,149.7,NA,2.1,NA,NA,NA,NA,TRUE
cases,2023,year,JU,canton,all,agegroup_food,all,70,74548,93.9,NA,86,NA,1,NA,NA,NA,NA,TRUE
cases,2023,year,LU,canton,all,agegroup_food,all,297,432744,68.63,NA,294.3,NA,4.4,NA,NA,NA,NA,TRUE
cases,2023,year,NE,canton,all,agegroup_food,all,185,178291,103.76,NA,189,NA,2.7,NA,NA,NA,NA,TRUE
cases,2023,year,NW,canton,all,agegroup_food,all,41,45016,91.08,NA,39.3,NA,0.6,NA,NA,NA,NA,TRUE
cases,2023,year,OW,canton,all,agegroup_food,all,31,39272,78.94,NA,35.7,NA,0.5,NA,NA,NA,NA,TRUE
cases,2023,year,SG,canton,all,agegroup_food,all,358,535114,66.9,NA,353.7,NA,5.3,NA,NA,NA,NA,TRUE
cases,2023,year,SH,canton,all,agegroup_food,all,59,87111,67.73,NA,62,NA,0.9,NA,NA,NA,NA,TRUE
cases,2023,year,SO,canton,all,agegroup_food,all,206,286844,71.82,NA,223,NA,3.1,NA,NA,NA,NA,TRUE
cases,2023,year,SZ,canton,all,agegroup_food,all,115,167403,68.7,NA,122.3,NA,1.7,NA,NA,NA,NA,TRUE
cases,2023,year,TG,canton,all,agegroup_food,all,174,295220,58.94,NA,170.3,NA,2.6,NA,NA,NA,NA,TRUE
cases,2023,year,TI,canton,all,agegroup_food,all,390,357720,109.02,NA,362.3,NA,5.8,NA,NA,NA,NA,TRUE
cases,2023,year,UR,canton,all,agegroup_food,all,24,37931,63.27,NA,22,NA,0.4,NA,NA,NA,NA,TRUE
cases,2023,year,VD,canton,all,agegroup_food,all,803,845870,94.93,NA,791.3,NA,11.9,NA,NA,NA,NA,TRUE
cases,2023,year,VS,canton,all,agegroup_food,all,387,365844,105.78,NA,403.3,NA,5.7,NA,NA,NA,NA,TRUE
cases,2023,year,ZG,canton,all,agegroup_food,all,90,132556,67.9,NA,107.7,NA,1.3,NA,NA,NA,NA,TRUE
cases,2023,year,ZH,canton,all,agegroup_food,all,983,1605508,61.23,NA,1043,NA,14.6,NA,NA,NA,NA,TRUE
cases,2024,year,AG,canton,all,agegroup_food,all,571,735808,77.6,NA,530.3,NA,6.9,NA,NA,NA,NA,TRUE
cases,2024,year,AI,canton,all,agegroup_food,all,15,16733,89.64,NA,11,NA,0.2,NA,NA,NA,NA,TRUE
cases,2024,year,AR,canton,all,agegroup_food,all,46,56705,81.12,NA,34.7,NA,0.6,NA,NA,NA,NA,TRUE
cases,2024,year,BE,canton,all,agegroup_food,all,869,1071216,81.12,NA,803,NA,10.5,NA,NA,NA,NA,TRUE
cases,2024,year,BL,canton,all,agegroup_food,all,295,301323,97.9,NA,314,NA,3.6,NA,NA,NA,NA,TRUE
cases,2024,year,BS,canton,all,agegroup_food,all,154,201384,76.47,NA,163,NA,1.9,NA,NA,NA,NA,TRUE
cases,2024,year,CH,country,all,agegroup_food,all,8299,9051029,91.69,NA,7542,NA,99.3,NA,NA,NA,NA,TRUE
cases,2024,year,CHFL,CHFL,all,agegroup_food,all,8360,9091915,91.95,NA,7596.3,rising,100,1576,16.59,22,7126.6,TRUE
cases,2024,year,FL,country,all,agegroup_food,all,61,40886,149.2,NA,54.3,NA,0.7,NA,NA,NA,NA,TRUE
cases,2024,year,FR,canton,all,agegroup_food,all,389,346674,112.21,NA,307,NA,4.7,NA,NA,NA,NA,TRUE
cases,2024,year,GE,canton,all,agegroup_food,all,633,531102,119.19,NA,532.7,NA,7.6,NA,NA,NA,NA,TRUE
cases,2024,year,GL,canton,all,agegroup_food,all,36,42371,84.96,NA,34.7,NA,0.4,NA,NA,NA,NA,TRUE
cases,2024,year,GR,canton,all,agegroup_food,all,176,206138,85.38,NA,164,NA,2.1,NA,NA,NA,NA,TRUE
cases,2024,year,JU,canton,all,agegroup_food,all,97,74840,129.61,NA,88,NA,1.2,NA,NA,NA,NA,TRUE
cases,2024,year,LU,canton,all,agegroup_food,all,358,437944,81.75,NA,324,NA,4.3,NA,NA,NA,NA,TRUE
cases,2024,year,NE,canton,all,agegroup_food,all,243,179518,135.36,NA,205.7,NA,2.9,NA,NA,NA,NA,TRUE
cases,2024,year,NW,canton,all,agegroup_food,all,46,45345,101.44,NA,43.3,NA,0.6,NA,NA,NA,NA,TRUE
cases,2024,year,OW,canton,all,agegroup_food,all,48,39662,121.02,NA,38.7,NA,0.6,NA,NA,NA,NA,TRUE
cases,2024,year,SG,canton,all,agegroup_food,all,359,540036,66.48,NA,366,NA,4.3,NA,NA,NA,NA,TRUE
cases,2024,year,SH,canton,all,agegroup_food,all,77,88667,86.84,NA,64,NA,0.9,NA,NA,NA,NA,TRUE
cases,2024,year,SO,canton,all,agegroup_food,all,255,289792,87.99,NA,231.3,NA,3.1,NA,NA,NA,NA,TRUE
cases,2024,year,SZ,canton,all,agegroup_food,all,120,168931,71.03,NA,120,NA,1.4,NA,NA,NA,NA,TRUE
cases,2024,year,TG,canton,all,agegroup_food,all,220,299509,73.45,NA,194.7,NA,2.7,NA,NA,NA,NA,TRUE
cases,2024,year,TI,canton,all,agegroup_food,all,443,358903,123.43,NA,411.7,NA,5.3,NA,NA,NA,NA,TRUE
cases,2024,year,UR,canton,all,agegroup_food,all,26,38275,67.93,NA,22.7,NA,0.3,NA,NA,NA,NA,TRUE
cases,2024,year,VD,canton,all,agegroup_food,all,1015,855106,118.7,NA,868.3,NA,12.2,NA,NA,NA,NA,TRUE
cases,2024,year,VS,canton,all,agegroup_food,all,492,371288,132.51,NA,434.7,NA,5.9,NA,NA,NA,NA,TRUE
cases,2024,year,ZG,canton,all,agegroup_food,all,116,133739,86.74,NA,115.3,NA,1.4,NA,NA,NA,NA,TRUE
cases,2024,year,ZH,canton,all,agegroup_food,all,1200,1620020,74.07,NA,1113.3,NA,14.5,NA,NA,NA,NA,TRUE
cases,2025,year,AG,canton,all,agegroup_food,all,551,735808,74.88,NA,518,NA,6.4,NA,NA,NA,NA,TRUE
cases,2025,year,AI,canton,all,agegroup_food,all,10,16733,59.76,NA,12,NA,0.1,NA,NA,NA,NA,TRUE
cases,2025,year,AR,canton,all,agegroup_food,all,36,56705,63.49,NA,36.7,NA,0.4,NA,NA,NA,NA,TRUE
cases,2025,year,BE,canton,all,agegroup_food,all,1018,1071216,95.03,NA,880.7,NA,11.7,NA,NA,NA,NA,TRUE
cases,2025,year,BL,canton,all,agegroup_food,all,359,301323,119.14,NA,301.3,NA,4.1,NA,NA,NA,NA,TRUE
cases,2025,year,BS,canton,all,agegroup_food,all,176,201384,87.4,NA,151,NA,2,NA,NA,NA,NA,TRUE
cases,2025,year,CH,country,all,agegroup_food,all,8675,9051029,95.85,NA,7902.7,NA,99.5,NA,NA,NA,NA,TRUE
cases,2025,year,CHFL,CHFL,all,agegroup_food,all,8716,9091915,95.87,NA,7953.3,rising,100,356,3.92,4.3,7661.4,TRUE
cases,2025,year,FL,country,all,agegroup_food,all,41,40886,100.28,NA,50.7,NA,0.5,NA,NA,NA,NA,TRUE
cases,2025,year,FR,canton,all,agegroup_food,all,381,346674,109.9,NA,347,NA,4.4,NA,NA,NA,NA,TRUE
cases,2025,year,GE,canton,all,agegroup_food,all,669,531102,125.96,NA,594.3,NA,7.7,NA,NA,NA,NA,TRUE
cases,2025,year,GL,canton,all,agegroup_food,all,44,42371,103.84,NA,37,NA,0.5,NA,NA,NA,NA,TRUE
cases,2025,year,GR,canton,all,agegroup_food,all,174,206138,84.41,NA,163,NA,2,NA,NA,NA,NA,TRUE
cases,2025,year,JU,canton,all,agegroup_food,all,113,74840,150.99,NA,93.3,NA,1.3,NA,NA,NA,NA,TRUE
cases,2025,year,LU,canton,all,agegroup_food,all,334,437944,76.27,NA,329.7,NA,3.9,NA,NA,NA,NA,TRUE
cases,2025,year,NE,canton,all,agegroup_food,all,170,179518,94.7,NA,199.3,NA,2,NA,NA,NA,NA,TRUE
cases,2025,year,NW,canton,all,agegroup_food,all,36,45345,79.39,NA,41,NA,0.4,NA,NA,NA,NA,TRUE
cases,2025,year,OW,canton,all,agegroup_food,all,39,39662,98.33,NA,39.3,NA,0.4,NA,NA,NA,NA,TRUE
cases,2025,year,SG,canton,all,agegroup_food,all,358,540036,66.29,NA,358.3,NA,4.1,NA,NA,NA,NA,TRUE
cases,2025,year,SH,canton,all,agegroup_food,all,67,88667,75.56,NA,67.7,NA,0.8,NA,NA,NA,NA,TRUE
cases,2025,year,SO,canton,all,agegroup_food,all,285,289792,98.35,NA,248.7,NA,3.3,NA,NA,NA,NA,TRUE
cases,2025,year,SZ,canton,all,agegroup_food,all,157,168931,92.94,NA,130.7,NA,1.8,NA,NA,NA,NA,TRUE
cases,2025,year,TG,canton,all,agegroup_food,all,206,299509,68.78,NA,200,NA,2.4,NA,NA,NA,NA,TRUE
cases,2025,year,TI,canton,all,agegroup_food,all,430,358903,119.81,NA,421,NA,5,NA,NA,NA,NA,TRUE
cases,2025,year,UR,canton,all,agegroup_food,all,20,38275,52.25,NA,23.3,NA,0.2,NA,NA,NA,NA,TRUE
cases,2025,year,VD,canton,all,agegroup_food,all,1040,855106,121.62,NA,952.7,NA,12,NA,NA,NA,NA,TRUE
cases,2025,year,VS,canton,all,agegroup_food,all,507,371288,136.55,NA,462,NA,5.8,NA,NA,NA,NA,TRUE
cases,2025,year,ZG,canton,all,agegroup_food,all,116,133739,86.74,NA,107.3,NA,1.3,NA,NA,NA,NA,TRUE
cases,2025,year,ZH,canton,all,agegroup_food,all,1379,1620020,85.12,NA,1187.3,NA,15.9,NA,NA,NA,NA,TRUE
cases_10y_mean,2022,year,CHFL,CHFL,0 - 16,agegroup_food,all,NA,NA,66.68,NA,NA,NA,NA,NA,NA,NA,NA,TRUE
cases_10y_mean,2022,year,CHFL,CHFL,17 - 24,agegroup_food,all,NA,NA,129.4,NA,NA,NA,NA,NA,NA,NA,NA,TRUE
cases_10y_mean,2022,year,CHFL,CHFL,25 - 44,agegroup_food,all,NA,NA,79.53,NA,NA,NA,NA,NA,NA,NA,NA,TRUE
cases_10y_mean,2022,year,CHFL,CHFL,45 - 64,agegroup_food,all,NA,NA,75.56,NA,NA,NA,NA,NA,NA,NA,NA,TRUE
cases_10y_mean,2022,year,CHFL,CHFL,65+,agegroup_food,all,NA,NA,102.75,NA,NA,NA,NA,NA,NA,NA,NA,TRUE
cases_10y_mean,2022,year,CHFL,CHFL,unknown,agegroup_food,all,NA,NA,NA,NA,NA,NA,NA,NA,NA,NA,NA,TRUE
cases_10y_mean,2023,year,CHFL,CHFL,0 - 16,agegroup_food,all,NA,NA,64.56,NA,NA,NA,NA,NA,NA,NA,NA,TRUE
cases_10y_mean,2023,year,CHFL,CHFL,17 - 24,agegroup_food,all,NA,NA,125.16,NA,NA,NA,NA,NA,NA,NA,NA,TRUE
cases_10y_mean,2023,year,CHFL,CHFL,25 - 44,agegroup_food,all,NA,NA,77.21,NA,NA,NA,NA,NA,NA,NA,NA,TRUE
cases_10y_mean,2023,year,CHFL,CHFL,45 - 64,agegroup_food,all,NA,NA,74.7,NA,NA,NA,NA,NA,NA,NA,NA,TRUE
cases_10y_mean,2023,year,CHFL,CHFL,65+,agegroup_food,all,NA,NA,102.67,NA,NA,NA,NA,NA,NA,NA,NA,TRUE
cases_10y_mean,2023,year,CHFL,CHFL,unknown,agegroup_food,all,NA,NA,NA,NA,NA,NA,NA,NA,NA,NA,NA,TRUE
cases_10y_mean,2024,year,CHFL,CHFL,0 - 16,agegroup_food,all,NA,NA,63.84,NA,NA,NA,NA,NA,NA,NA,NA,TRUE
cases_10y_mean,2024,year,CHFL,CHFL,17 - 24,agegroup_food,all,NA,NA,124.13,NA,NA,NA,NA,NA,NA,NA,NA,TRUE
cases_10y_mean,2024,year,CHFL,CHFL,25 - 44,agegroup_food,all,NA,NA,76.86,NA,NA,NA,NA,NA,NA,NA,NA,TRUE
cases_10y_mean,2024,year,CHFL,CHFL,45 - 64,agegroup_food,all,NA,NA,75.16,NA,NA,NA,NA,NA,NA,NA,NA,TRUE
cases_10y_mean,2024,year,CHFL,CHFL,65+,agegroup_food,all,NA,NA,104.28,NA,NA,NA,NA,NA,NA,NA,NA,TRUE
cases_10y_mean,2024,year,CHFL,CHFL,unknown,agegroup_food,all,NA,NA,NA,NA,NA,NA,NA,NA,NA,NA,NA,TRUE
cases_10y_mean,2025,year,CHFL,CHFL,0 - 16,agegroup_food,all,NA,NA,63.93,NA,NA,NA,NA,NA,NA,NA,NA,TRUE
cases_10y_mean,2025,year,CHFL,CHFL,17 - 24,agegroup_food,all,NA,NA,124.94,NA,NA,NA,NA,NA,NA,NA,NA,TRUE
cases_10y_mean,2025,year,CHFL,CHFL,25 - 44,agegroup_food,all,NA,NA,77.3,NA,NA,NA,NA,NA,NA,NA,NA,TRUE
cases_10y_mean,2025,year,CHFL,CHFL,45 - 64,agegroup_food,all,NA,NA,76.64,NA,NA,NA,NA,NA,NA,NA,NA,TRUE
cases_10y_mean,2025,year,CHFL,CHFL,65+,agegroup_food,all,NA,NA,108.48,NA,NA,NA,NA,NA,NA,NA,NA,TRUE
cases_10y_mean,2025,year,CHFL,CHFL,unknown,agegroup_food,all,NA,NA,NA,NA,NA,NA,NA,NA,NA,NA,NA,TRUE
cases_10y_cumsum,2022,year,CHFL,CHFL,all,agegroup_food,female,32962,NA,NA,NA,NA,NA,45.3,NA,NA,NA,NA,TRUE
cases_10y_cumsum,2022,year,CHFL,CHFL,all,agegroup_food,male,39264,NA,NA,NA,NA,NA,54,NA,NA,NA,NA,TRUE
cases_10y_cumsum,2022,year,CHFL,CHFL,all,agegroup_food,unknown,528,NA,NA,NA,NA,NA,0.7,NA,NA,NA,NA,TRUE
cases_10y_cumsum,2023,year,CHFL,CHFL,all,agegroup_food,female,32486,NA,NA,NA,NA,NA,45.1,NA,NA,NA,NA,TRUE
cases_10y_cumsum,2023,year,CHFL,CHFL,all,agegroup_food,male,39009,NA,NA,NA,NA,NA,54.2,NA,NA,NA,NA,TRUE
cases_10y_cumsum,2023,year,CHFL,CHFL,all,agegroup_food,unknown,492,NA,NA,NA,NA,NA,0.7,NA,NA,NA,NA,TRUE
cases_10y_cumsum,2024,year,CHFL,CHFL,all,agegroup_food,female,32688,NA,NA,NA,NA,NA,44.9,NA,NA,NA,NA,TRUE
cases_10y_cumsum,2024,year,CHFL,CHFL,all,agegroup_food,male,39656,NA,NA,NA,NA,NA,54.5,NA,NA,NA,NA,TRUE
cases_10y_cumsum,2024,year,CHFL,CHFL,all,agegroup_food,unknown,457,NA,NA,NA,NA,NA,0.6,NA,NA,NA,NA,TRUE
cases_10y_cumsum,2025,year,CHFL,CHFL,all,agegroup_food,female,33293,NA,NA,NA,NA,NA,44.6,NA,NA,NA,NA,TRUE
cases_10y_cumsum,2025,year,CHFL,CHFL,all,agegroup_food,male,40954,NA,NA,NA,NA,NA,54.9,NA,NA,NA,NA,TRUE
cases_10y_cumsum,2025,year,CHFL,CHFL,all,agegroup_food,unknown,400,NA,NA,NA,NA,NA,0.5,NA,NA,NA,NA,TRUE
