valueCategory,temporal,temporal_type,georegion,georegion_type,agegroup,agegroup_type,sex,type,value,pop,incValue,valueYearCumSum,valueMean3y,trend,prct,deltaValue,deltaIncValue,incValuePrctChange,valueMean5y,dataComplete
cases,2013-M01,month,CHFL,CHFL,all,agegroup_food,all,all,87,8176573,1.06,87,NA,NA,NA,NA,NA,NA,NA,TRUE
cases,2013-M02,month,CHFL,CHFL,all,agegroup_food,all,all,76,8176573,0.93,163,NA,NA,NA,NA,NA,NA,NA,TRUE
cases,2013-M03,month,CHFL,CHFL,all,agegroup_food,all,all,63,8176573,0.77,226,NA,NA,NA,NA,NA,NA,NA,TRUE
cases,2013-M04,month,CHFL,CHFL,all,agegroup_food,all,all,92,8176573,1.13,318,NA,stagnant,NA,NA,NA,NA,NA,TRUE
cases,2013-M05,month,CHFL,CHFL,all,agegroup_food,all,all,88,8176573,1.08,406,NA,stagnant,NA,NA,NA,NA,NA,TRUE
cases,2013-M06,month,CHFL,CHFL,all,agegroup_food,all,all,87,8176573,1.06,493,NA,stagnant,NA,NA,NA,NA,NA,TRUE
cases,2013-M07,month,CHFL,CHFL,all,agegroup_food,all,all,91,8176573,1.11,584,NA,stagnant,NA,NA,NA,NA,NA,TRUE
cases,2013-M08,month,CHFL,CHFL,all,agegroup_food,all,all,217,8176573,2.65,801,NA,rising,NA,NA,NA,NA,NA,TRUE
cases,2013-M09,month,CHFL,CHFL,all,agegroup_food,all,all,133,8176573,1.63,934,NA,stagnant,NA,NA,NA,NA,NA,TRUE
cases,2013-M10,month,CHFL,CHFL,all,agegroup_food,all,all,151,8176573,1.85,1085,NA,stagnant,NA,NA,NA,NA,NA,TRUE
cases,2013-M11,month,CHFL,CHFL,all,agegroup_food,all,all,123,8176573,1.5,1208,NA,falling,NA,NA,NA,NA,NA,TRUE
cases,2013-M12,month,CHFL,CHFL,all,agegroup_food,all,all,63,8176573,0.77,1271,NA,falling,NA,NA,NA,NA,NA,TRUE
cases,2014-M01,month,CHFL,CHFL,all,agegroup_food,all,all,96,8274608,1.16,96,NA,falling,NA,NA,NA,NA,NA,TRUE
cases,2014-M02,month,CHFL,CHFL,all,agegroup_food,all,all,48,8274608,0.58,144,NA,falling,NA,NA,NA,NA,NA,TRUE
cases,2014-M03,month,CHFL,CHFL,all,agegroup_food,all,all,70,8274608,0.85,214,NA,stagnant,NA,NA,NA,NA,NA,TRUE
cases,2014-M04,month,CHFL,CHFL,all,agegroup_food,all,all,80,8274608,0.97,294,NA,stagnant,NA,NA,NA,NA,NA,TRUE
cases,2014-M05,month,CHFL,CHFL,all,agegroup_food,all,all,91,8274608,1.1,385,NA,rising,NA,NA,NA,NA,NA,TRUE
cases,2014-M06,month,CHFL,CHFL,all,agegroup_food,all,all,85,8274608,1.03,470,NA,stagnant,NA,NA,NA,NA,NA,TRUE
cases,2014-M07,month,CHFL,CHFL,all,agegroup_food,all,all,125,8274608,1.51,595,NA,rising,NA,NA,NA,NA,NA,TRUE
cases,2014-M08,month,CHFL,CHFL,all,agegroup_food,all,all,211,8274608,2.55,806,NA,rising,NA,NA,NA,NA,NA,TRUE
cases,2014-M09,month,CHFL,CHFL,all,agegroup_food,all,all,133,8274608,1.61,939,NA,stagnant,NA,NA,NA,NA,NA,TRUE
cases,2014-M10,month,CHFL,CHFL,all,agegroup_food,all,all,141,8274608,1.7,1080,NA,stagnant,NA,NA,NA,NA,NA,TRUE
cases,2014-M11,month,CHFL,CHFL,all,agegroup_food,all,all,96,8274608,1.16,1176,NA,falling,NA,NA,NA,NA,NA,TRUE
cases,2014-M12,month,CHFL,CHFL,all,agegroup_food,all,all,64,8274608,0.77,1240,NA,falling,NA,NA,NA,NA,NA,TRUE
cases,2015-M01,month,CHFL,CHFL,all,agegroup_food,all,all,71,8362816,0.85,71,NA,falling,NA,NA,NA,NA,NA,TRUE
cases,2015-M02,month,CHFL,CHFL,all,agegroup_food,all,all,46,8362816,0.55,117,NA,falling,NA,NA,NA,NA,NA,TRUE
cases,2015-M03,month,CHFL,CHFL,all,agegroup_food,all,all,65,8362816,0.78,182,NA,stagnant,NA,NA,NA,NA,NA,TRUE
cases,2015-M04,month,CHFL,CHFL,all,agegroup_food,all,all,85,8362816,1.02,267,NA,stagnant,NA,NA,NA,NA,NA,TRUE
cases,2015-M05,month,CHFL,CHFL,all,agegroup_food,all,all,80,8362816,0.96,347,NA,rising,NA,NA,NA,NA,NA,TRUE
cases,2015-M06,month,CHFL,CHFL,all,agegroup_food,all,all,85,8362816,1.02,432,NA,stagnant,NA,NA,NA,NA,NA,TRUE
cases,2015-M07,month,CHFL,CHFL,all,agegroup_food,all,all,147,8362816,1.76,579,NA,rising,NA,NA,NA,NA,NA,TRUE
cases,2015-M08,month,CHFL,CHFL,all,agegroup_food,all,all,241,8362816,2.88,820,NA,rising,NA,NA,NA,NA,NA,TRUE
cases,2015-M09,month,CHFL,CHFL,all,agegroup_food,all,all,168,8362816,2.01,988,NA,rising,NA,NA,NA,NA,NA,TRUE
cases,2015-M10,month,CHFL,CHFL,all,agegroup_food,all,all,190,8362816,2.27,1178,NA,stagnant,NA,NA,NA,NA,NA,TRUE
cases,2015-M11,month,CHFL,CHFL,all,agegroup_food,all,all,121,8362816,1.45,1299,NA,falling,NA,NA,NA,NA,NA,TRUE
cases,2015-M12,month,CHFL,CHFL,all,agegroup_food,all,all,56,8362816,0.67,1355,NA,falling,NA,NA,NA,NA,NA,TRUE
cases,2016-M01,month,CHFL,CHFL,all,agegroup_food,all,all,87,8457360,1.03,87,NA,falling,NA,NA,NA,NA,NA,TRUE
cases,2016-M02,month,CHFL,CHFL,all,agegroup_food,all,all,72,8457360,0.85,159,NA,stagnant,NA,NA,NA,NA,NA,TRUE
cases,2016-M03,month,CHFL,CHFL,all,agegroup_food,all,all,84,8457360,0.99,243,NA,stagnant,NA,NA,NA,NA,NA,TRUE
cases,2016-M04,month,CHFL,CHFL,all,agegroup_food,all,all,98,8457360,1.16,341,NA,stagnant,NA,NA,NA,NA,NA,TRUE
cases,2016-M05,month,CHFL,CHFL,all,agegroup_food,all,all,104,8457360,1.23,445,NA,rising,NA,NA,NA,NA,NA,TRUE
cases,2016-M06,month,CHFL,CHFL,all,agegroup_food,all,all,78,8457360,0.92,523,NA,stagnant,NA,NA,NA,NA,NA,TRUE
cases,2016-M07,month,CHFL,CHFL,all,agegroup_food,all,all,126,8457360,1.49,649,NA,stagnant,NA,NA,NA,NA,NA,TRUE
cases,2016-M08,month,CHFL,CHFL,all,agegroup_food,all,all,282,8457360,3.33,931,NA,rising,NA,NA,NA,NA,NA,TRUE
cases,2016-M09,month,CHFL,CHFL,all,agegroup_food,all,all,197,8457360,2.33,1128,NA,rising,NA,NA,NA,NA,NA,TRUE
cases,2016-M10,month,CHFL,CHFL,all,agegroup_food,all,all,161,8457360,1.9,1289,NA,stagnant,NA,NA,NA,NA,NA,TRUE
cases,2016-M11,month,CHFL,CHFL,all,agegroup_food,all,all,121,8457360,1.43,1410,NA,falling,NA,NA,NA,NA,NA,TRUE
cases,2016-M12,month,CHFL,CHFL,all,agegroup_food,all,all,110,8457360,1.3,1520,NA,falling,NA,NA,NA,NA,NA,TRUE
cases,2017-M01,month,CHFL,CHFL,all,agegroup_food,all,all,81,8522244,0.95,81,NA,falling,NA,NA,NA,NA,NA,TRUE
cases,2017-M02,month,CHFL,CHFL,all,agegroup_food,all,all,58,8522244,0.68,139,NA,falling,NA,NA,NA,NA,NA,TRUE
cases,2017-M03,month,CHFL,CHFL,all,agegroup_food,all,all,72,8522244,0.84,211,NA,falling,NA,NA,NA,NA,NA,TRUE
cases,2017-M04,month,CHFL,CHFL,all,agegroup_food,all,all,86,8522244,1.01,297,NA,stagnant,NA,NA,NA,NA,NA,TRUE
cases,2017-M05,month,CHFL,CHFL,all,agegroup_food,all,all,97,8522244,1.14,394,NA,rising,NA,NA,NA,NA,NA,TRUE
cases,2017-M06,month,CHFL,CHFL,all,agegroup_food,all,all,124,8522244,1.46,518,NA,rising,NA,NA,NA,NA,NA,TRUE
cases,2017-M07,month,CHFL,CHFL,all,agegroup_food,all,all,219,8522244,2.57,737,NA,rising,NA,NA,NA,NA,NA,TRUE
cases,2017-M08,month,CHFL,CHFL,all,agegroup_food,all,all,408,8522244,4.79,1145,NA,rising,NA,NA,NA,NA,NA,TRUE
cases,2017-M09,month,CHFL,CHFL,all,agegroup_food,all,all,294,8522244,3.45,1439,NA,rising,NA,NA,NA,NA,NA,TRUE
cases,2017-M10,month,CHFL,CHFL,all,agegroup_food,all,all,196,8522244,2.3,1635,NA,stagnant,NA,NA,NA,NA,NA,TRUE
cases,2017-M11,month,CHFL,CHFL,all,agegroup_food,all,all,116,8522244,1.36,1751,NA,falling,NA,NA,NA,NA,NA,TRUE
cases,2017-M12,month,CHFL,CHFL,all,agegroup_food,all,all,85,8522244,1,1836,NA,falling,NA,NA,NA,NA,NA,TRUE
cases,2018-M01,month,CHFL,CHFL,all,agegroup_food,all,all,109,8582905,1.27,109,NA,falling,NA,NA,NA,NA,NA,TRUE
cases,2018-M02,month,CHFL,CHFL,all,agegroup_food,all,all,80,8582905,0.93,189,NA,stagnant,NA,NA,NA,NA,NA,TRUE
cases,2018-M03,month,CHFL,CHFL,all,agegroup_food,all,all,76,8582905,0.89,265,NA,stagnant,NA,NA,NA,NA,NA,TRUE
cases,2018-M04,month,CHFL,CHFL,all,agegroup_food,all,all,73,8582905,0.85,338,NA,falling,NA,NA,NA,NA,NA,TRUE
cases,2018-M05,month,CHFL,CHFL,all,agegroup_food,all,all,112,8582905,1.3,450,NA,stagnant,NA,NA,NA,NA,NA,TRUE
cases,2018-M06,month,CHFL,CHFL,all,agegroup_food,all,all,102,8582905,1.19,552,NA,rising,NA,NA,NA,NA,NA,TRUE
cases,2018-M07,month,CHFL,CHFL,all,agegroup_food,all,all,140,8582905,1.63,692,NA,rising,NA,NA,NA,NA,NA,TRUE
cases,2018-M08,month,CHFL,CHFL,all,agegroup_food,all,all,242,8582905,2.82,934,NA,rising,NA,NA,NA,NA,NA,TRUE
cases,2018-M09,month,CHFL,CHFL,all,agegroup_food,all,all,173,8582905,2.02,1107,NA,rising,NA,NA,NA,NA,NA,TRUE
cases,2018-M10,month,CHFL,CHFL,all,agegroup_food,all,all,183,8582905,2.13,1290,NA,stagnant,NA,NA,NA,NA,NA,TRUE
cases,2018-M11,month,CHFL,CHFL,all,agegroup_food,all,all,97,8582905,1.13,1387,NA,falling,NA,NA,NA,NA,NA,TRUE
cases,2018-M12,month,CHFL,CHFL,all,agegroup_food,all,all,83,8582905,0.97,1470,NA,falling,NA,NA,NA,NA,NA,TRUE
cases,2019-M01,month,CHFL,CHFL,all,agegroup_food,all,all,94,8644780,1.09,94,NA,falling,NA,NA,NA,NA,NA,TRUE
cases,2019-M02,month,CHFL,CHFL,all,agegroup_food,all,all,69,8644780,0.8,163,NA,stagnant,NA,NA,NA,NA,NA,TRUE
cases,2019-M03,month,CHFL,CHFL,all,agegroup_food,all,all,78,8644780,0.9,241,NA,stagnant,NA,NA,NA,NA,NA,TRUE
cases,2019-M04,month,CHFL,CHFL,all,agegroup_food,all,all,92,8644780,1.06,333,NA,stagnant,NA,NA,NA,NA,NA,TRUE
cases,2019-M05,month,CHFL,CHFL,all,agegroup_food,all,all,116,8644780,1.34,449,NA,rising,NA,NA,NA,NA,NA,TRUE
cases,2019-M06,month,CHFL,CHFL,all,agegroup_food,all,all,108,8644780,1.25,557,NA,rising,NA,NA,NA,NA,NA,TRUE
cases,2019-M07,month,CHFL,CHFL,all,agegroup_food,all,all,156,8644780,1.8,713,NA,rising,NA,NA,NA,NA,NA,TRUE
cases,2019-M08,month,CHFL,CHFL,all,agegroup_food,all,all,258,8644780,2.98,971,NA,rising,NA,NA,NA,NA,NA,TRUE
cases,2019-M09,month,CHFL,CHFL,all,agegroup_food,all,all,165,8644780,1.91,1136,NA,stagnant,NA,NA,NA,NA,NA,TRUE
cases,2019-M10,month,CHFL,CHFL,all,agegroup_food,all,all,182,8644780,2.11,1318,NA,stagnant,NA,NA,NA,NA,NA,TRUE
cases,2019-M11,month,CHFL,CHFL,all,agegroup_food,all,all,138,8644780,1.6,1456,NA,falling,NA,NA,NA,NA,NA,TRUE
cases,2019-M12,month,CHFL,CHFL,all,agegroup_food,all,all,87,8644780,1.01,1543,NA,falling,NA,NA,NA,NA,NA,TRUE
cases,2020-M01,month,CHFL,CHFL,all,agegroup_food,all,all,87,8709355,1,87,NA,falling,NA,NA,NA,NA,NA,TRUE
cases,2020-M02,month,CHFL,CHFL,all,agegroup_food,all,all,78,8709355,0.9,165,NA,falling,NA,NA,NA,NA,NA,TRUE
cases,2020-M03,month,CHFL,CHFL,all,agegroup_food,all,all,50,8709355,0.57,215,NA,falling,NA,NA,NA,NA,NA,TRUE
cases,2020-M04,month,CHFL,CHFL,all,agegroup_food,all,all,46,8709355,0.53,261,NA,falling,NA,NA,NA,NA,NA,TRUE
cases,2020-M05,month,CHFL,CHFL,all,agegroup_food,all,all,58,8709355,0.67,319,NA,stagnant,NA,NA,NA,NA,NA,TRUE
cases,2020-M06,month,CHFL,CHFL,all,agegroup_food,all,all,79,8709355,0.91,398,NA,rising,NA,NA,NA,NA,NA,TRUE
cases,2020-M07,month,CHFL,CHFL,all,agegroup_food,all,all,135,8709355,1.55,533,NA,rising,NA,NA,NA,NA,NA,TRUE
cases,2020-M08,month,CHFL,CHFL,all,agegroup_food,all,all,206,8709355,2.37,739,NA,rising,NA,NA,NA,NA,NA,TRUE
cases,2020-M09,month,CHFL,CHFL,all,agegroup_food,all,all,200,8709355,2.3,939,NA,rising,NA,NA,NA,NA,NA,TRUE
cases,2020-M10,month,CHFL,CHFL,all,agegroup_food,all,all,130,8709355,1.49,1069,NA,stagnant,NA,NA,NA,NA,NA,TRUE
cases,2020-M11,month,CHFL,CHFL,all,agegroup_food,all,all,90,8709355,1.03,1159,NA,falling,NA,NA,NA,NA,NA,TRUE
cases,2020-M12,month,CHFL,CHFL,all,agegroup_food,all,all,90,8709355,1.03,1249,NA,falling,NA,NA,NA,NA,NA,TRUE
cases,2021-M01,month,CHFL,CHFL,all,agegroup_food,all,all,65,8778099,0.74,65,NA,falling,NA,NA,NA,NA,NA,TRUE
cases,2021-M02,month,CHFL,CHFL,all,agegroup_food,all,all,60,8778099,0.68,125,NA,falling,NA,NA,NA,NA,NA,TRUE
cases,2021-M03,month,CHFL,CHFL,all,agegroup_food,all,all,65,8778099,0.74,190,NA,falling,NA,NA,NA,NA,NA,TRUE
cases,2021-M04,month,CHFL,CHFL,all,agegroup_food,all,all,74,8778099,0.84,264,NA,stagnant,NA,NA,NA,NA,NA,TRUE
cases,2021-M05,month,CHFL,CHFL,all,agegroup_food,all,all,101,8778099,1.15,365,NA,rising,NA,NA,NA,NA,NA,TRUE
cases,2021-M06,month,CHFL,CHFL,all,agegroup_food,all,all,120,8778099,1.37,485,NA,rising,NA,NA,NA,NA,NA,TRUE
cases,2021-M07,month,CHFL,CHFL,all,agegroup_food,all,all,182,8778099,2.07,667,NA,rising,NA,NA,NA,NA,NA,TRUE
cases,2021-M08,month,CHFL,CHFL,all,agegroup_food,all,all,290,8778099,3.3,957,NA,rising,NA,NA,NA,NA,NA,TRUE
cases,2021-M09,month,CHFL,CHFL,all,agegroup_food,all,all,198,8778099,2.26,1155,NA,stagnant,NA,NA,NA,NA,NA,TRUE
cases,2021-M10,month,CHFL,CHFL,all,agegroup_food,all,all,174,8778099,1.98,1329,NA,stagnant,NA,NA,NA,NA,NA,TRUE
cases,2021-M11,month,CHFL,CHFL,all,agegroup_food,all,all,97,8778099,1.11,1426,NA,falling,NA,NA,NA,NA,NA,TRUE
cases,2021-M12,month,CHFL,CHFL,all,agegroup_food,all,all,58,8778099,0.66,1484,NA,falling,NA,NA,NA,NA,NA,TRUE
cases,2022-M01,month,CHFL,CHFL,all,agegroup_food,all,all,82,8855062,0.93,82,NA,falling,NA,NA,NA,NA,NA,TRUE
cases,2022-M02,month,CHFL,CHFL,all,agegroup_food,all,all,54,8855062,0.61,136,NA,stagnant,NA,NA,NA,NA,NA,TRUE
cases,2022-M03,month,CHFL,CHFL,all,agegroup_food,all,all,78,8855062,0.88,214,NA,stagnant,NA,NA,NA,NA,NA,TRUE
cases,2022-M04,month,CHFL,CHFL,all,agegroup_food,all,all,92,8855062,1.04,306,NA,stagnant,NA,NA,NA,NA,NA,TRUE
cases,2022-M05,month,CHFL,CHFL,all,agegroup_food,all,all,152,8855062,1.72,458,NA,rising,NA,NA,NA,NA,NA,TRUE
cases,2022-M06,month,CHFL,CHFL,all,agegroup_food,all,all,157,8855062,1.77,615,NA,rising,NA,NA,NA,NA,NA,TRUE
cases,2022-M07,month,CHFL,CHFL,all,agegroup_food,all,all,212,8855062,2.39,827,NA,rising,NA,NA,NA,NA,NA,TRUE
cases,2022-M08,month,CHFL,CHFL,all,agegroup_food,all,all,334,8855062,3.77,1161,NA,rising,NA,NA,NA,NA,NA,TRUE
cases,2022-M09,month,CHFL,CHFL,all,agegroup_food,all,all,241,8855062,2.72,1402,NA,stagnant,NA,NA,NA,NA,NA,TRUE
cases,2022-M10,month,CHFL,CHFL,all,agegroup_food,all,all,213,8855062,2.41,1615,NA,stagnant,NA,NA,NA,NA,NA,TRUE
cases,2022-M11,month,CHFL,CHFL,all,agegroup_food,all,all,137,8855062,1.55,1752,NA,falling,NA,NA,NA,NA,NA,TRUE
cases,2022-M12,month,CHFL,CHFL,all,agegroup_food,all,all,92,8855062,1.04,1844,NA,falling,NA,NA,NA,NA,NA,TRUE
cases,2023-M01,month,CHFL,CHFL,all,agegroup_food,all,all,114,9002273,1.27,114,NA,falling,NA,NA,NA,NA,NA,TRUE
cases,2023-M02,month,CHFL,CHFL,all,agegroup_food,all,all,76,9002273,0.84,190,NA,falling,NA,NA,NA,NA,NA,TRUE
cases,2023-M03,month,CHFL,CHFL,all,agegroup_food,all,all,84,9002273,0.93,274,NA,stagnant,NA,NA,NA,NA,NA,TRUE
cases,2023-M04,month,CHFL,CHFL,all,agegroup_food,all,all,99,9002273,1.1,373,NA,stagnant,NA,NA,NA,NA,NA,TRUE
cases,2023-M05,month,CHFL,CHFL,all,agegroup_food,all,all,131,9002273,1.46,504,NA,rising,NA,NA,NA,NA,NA,TRUE
cases,2023-M06,month,CHFL,CHFL,all,agegroup_food,all,all,126,9002273,1.4,630,NA,rising,NA,NA,NA,NA,NA,TRUE
cases,2023-M07,month,CHFL,CHFL,all,agegroup_food,all,all,190,9002273,2.11,820,NA,rising,NA,NA,NA,NA,NA,TRUE
cases,2023-M08,month,CHFL,CHFL,all,agegroup_food,all,all,305,9002273,3.39,1125,NA,rising,NA,NA,NA,NA,NA,TRUE
cases,2023-M09,month,CHFL,CHFL,all,agegroup_food,all,all,278,9002273,3.09,1403,NA,rising,NA,NA,NA,NA,NA,TRUE
cases,2023-M10,month,CHFL,CHFL,all,agegroup_food,all,all,222,9002273,2.47,1625,NA,stagnant,NA,NA,NA,NA,NA,TRUE
cases,2023-M11,month,CHFL,CHFL,all,agegroup_food,all,all,113,9002273,1.26,1738,NA,falling,NA,NA,NA,NA,NA,TRUE
cases,2023-M12,month,CHFL,CHFL,all,agegroup_food,all,all,85,9002273,0.94,1823,NA,falling,NA,NA,NA,NA,NA,TRUE
cases,2024-M01,month,CHFL,CHFL,all,agegroup_food,all,all,87,9091915,0.96,87,NA,falling,NA,NA,NA,NA,NA,TRUE
cases,2024-M02,month,CHFL,CHFL,all,agegroup_food,all,all,97,9091915,1.07,184,NA,stagnant,NA,NA,NA,NA,NA,TRUE
cases,2024-M03,month,CHFL,CHFL,all,agegroup_food,all,all,95,9091915,1.04,279,NA,stagnant,NA,NA,NA,NA,NA,TRUE
cases,2024-M04,month,CHFL,CHFL,all,agegroup_food,all,all,127,9091915,1.4,406,NA,rising,NA,NA,NA,NA,NA,TRUE
cases,2024-M05,month,CHFL,CHFL,all,agegroup_food,all,all,128,9091915,1.41,534,NA,rising,NA,NA,NA,NA,NA,TRUE
cases,2024-M06,month,CHFL,CHFL,all,agegroup_food,all,all,124,9091915,1.36,658,NA,stagnant,NA,NA,NA,NA,NA,TRUE
cases,2024-M07,month,CHFL,CHFL,all,agegroup_food,all,all,221,9091915,2.43,879,NA,rising,NA,NA,NA,NA,NA,TRUE
cases,2024-M08,month,CHFL,CHFL,all,agegroup_food,all,all,437,9091915,4.81,1316,NA,rising,NA,NA,NA,NA,NA,TRUE
cases,2024-M09,month,CHFL,CHFL,all,agegroup_food,all,all,334,9091915,3.67,1650,NA,rising,NA,NA,NA,NA,NA,TRUE
cases,2024-M10,month,CHFL,CHFL,all,agegroup_food,all,all,342,9091915,3.76,1992,NA,stagnant,NA,NA,NA,NA,NA,TRUE
cases,2024-M11,month,CHFL,CHFL,all,agegroup_food,all,all,183,9091915,2.01,2175,NA,falling,NA,NA,NA,NA,NA,TRUE
cases,2024-M12,month,CHFL,CHFL,all,agegroup_food,all,all,88,9091915,0.97,2263,NA,falling,NA,NA,NA,NA,NA,TRUE
cases,2025-M01,month,CHFL,CHFL,all,agegroup_food,all,all,147,9091915,1.62,147,NA,falling,NA,NA,NA,NA,NA,TRUE
cases,2025-M02,month,CHFL,CHFL,all,agegroup_food,all,all,100,9091915,1.1,247,NA,stagnant,NA,NA,NA,NA,NA,TRUE
cases,2025-M03,month,CHFL,CHFL,all,agegroup_food,all,all,121,9091915,1.33,368,NA,stagnant,NA,NA,NA,NA,NA,TRUE
cases,2025-M04,month,CHFL,CHFL,all,agegroup_food,all,all,131,9091915,1.44,499,NA,stagnant,NA,NA,NA,NA,NA,TRUE
cases,2025-M05,month,CHFL,CHFL,all,agegroup_food,all,all,177,9091915,1.95,676,NA,rising,NA,NA,NA,NA,NA,TRUE
cases,2025-M06,month,CHFL,CHFL,all,agegroup_food,all,all,180,9091915,1.98,856,NA,rising,NA,NA,NA,NA,NA,TRUE
cases,2025-M07,month,CHFL,CHFL,all,agegroup_food,all,all,246,9091915,2.71,1102,NA,rising,NA,NA,NA,NA,NA,TRUE
cases,2025-M08,month,CHFL,CHFL,all,agegroup_food,all,all,374,9091915,4.11,1476,NA,rising,NA,NA,NA,NA,NA,TRUE
cases,2025-M09,month,CHFL,CHFL,all,agegroup_food,all,all,297,9091915,3.27,1773,NA,rising,NA,NA,NA,NA,NA,TRUE
cases,2025-M10,month,CHFL,CHFL,all,agegroup_food,all,all,249,9091915,2.74,2022,NA,stagnant,NA,NA,NA,NA,NA,TRUE
cases,2025-M11,month,CHFL,CHFL,all,agegroup_food,all,all,147,9091915,1.62,2169,NA,falling,NA,NA,NA,NA,NA,TRUE
cases,2025-M12,month,CHFL,CHFL,all,agegroup_food,all,all,119,9091915,1.31,2288,NA,falling,NA,NA,NA,NA,NA,TRUE
cases,2026-M01,month,CHFL,CHFL,all,agegroup_food,all,all,122,9091674,1.34,122,NA,falling,NA,NA,NA,NA,NA,TRUE
cases,2026-M02,month,CHFL,CHFL,all,agegroup_food,all,all,89,9091674,0.98,211,NA,falling,NA,NA,NA,NA,NA,TRUE
cases,2026-M03,month,CHFL,CHFL,all,agegroup_food,all,all,120,9091674,1.32,331,NA,stagnant,NA,NA,NA,NA,NA,TRUE
cases,2026-M04,month,CHFL,CHFL,all,agegroup_food,all,all,141,9091674,1.55,472,NA,stagnant,NA,NA,NA,NA,NA,TRUE
cases,2026-M05,month,CHFL,CHFL,all,agegroup_food,all,all,126,9091674,1.39,598,NA,rising,NA,NA,NA,NA,NA,TRUE
cases,2026-M06,month,CHFL,CHFL,all,agegroup_food,all,all,170,9091674,1.87,768,NA,rising,NA,NA,NA,NA,NA,TRUE
cases,2026-M07,month,CHFL,CHFL,all,agegroup_food,all,all,290,9091674,3.19,1058,NA,rising,NA,NA,NA,NA,NA,TRUE
cases,2026-M08,month,CHFL,CHFL,all,agegroup_food,all,all,555,9091674,6.1,1613,NA,rising,NA,NA,NA,NA,NA,TRUE
min_value_10y,2022-M01,month,CHFL,CHFL,all,agegroup_food,all,all,65,NA,0.74,65,NA,NA,NA,NA,NA,NA,NA,TRUE
min_value_10y,2022-M02,month,CHFL,CHFL,all,agegroup_food,all,all,46,NA,0.55,117,NA,NA,NA,NA,NA,NA,NA,TRUE
min_value_10y,2022-M03,month,CHFL,CHFL,all,agegroup_food,all,all,50,NA,0.57,182,NA,NA,NA,NA,NA,NA,NA,TRUE
min_value_10y,2022-M04,month,CHFL,CHFL,all,agegroup_food,all,all,46,NA,0.53,261,NA,NA,NA,NA,NA,NA,NA,TRUE
min_value_10y,2022-M05,month,CHFL,CHFL,all,agegroup_food,all,all,58,NA,0.67,319,NA,NA,NA,NA,NA,NA,NA,TRUE
min_value_10y,2022-M06,month,CHFL,CHFL,all,agegroup_food,all,all,78,NA,0.91,398,NA,NA,NA,NA,NA,NA,NA,TRUE
min_value_10y,2022-M07,month,CHFL,CHFL,all,agegroup_food,all,all,91,NA,1.11,533,NA,NA,NA,NA,NA,NA,NA,TRUE
min_value_10y,2022-M08,month,CHFL,CHFL,all,agegroup_food,all,all,206,NA,2.37,739,NA,NA,NA,NA,NA,NA,NA,TRUE
min_value_10y,2022-M09,month,CHFL,CHFL,all,agegroup_food,all,all,133,NA,1.61,934,NA,NA,NA,NA,NA,NA,NA,TRUE
min_value_10y,2022-M10,month,CHFL,CHFL,all,agegroup_food,all,all,130,NA,1.49,1069,NA,NA,NA,NA,NA,NA,NA,TRUE
min_value_10y,2022-M11,month,CHFL,CHFL,all,agegroup_food,all,all,90,NA,1.03,1159,NA,NA,NA,NA,NA,NA,NA,TRUE
min_value_10y,2022-M12,month,CHFL,CHFL,all,agegroup_food,all,all,56,NA,0.66,1240,NA,NA,NA,NA,NA,NA,NA,TRUE
min_value_10y,2023-M01,month,CHFL,CHFL,all,agegroup_food,all,all,65,NA,0.74,65,NA,NA,NA,NA,NA,NA,NA,TRUE
min_value_10y,2023-M02,month,CHFL,CHFL,all,agegroup_food,all,all,46,NA,0.55,117,NA,NA,NA,NA,NA,NA,NA,TRUE
min_value_10y,2023-M03,month,CHFL,CHFL,all,agegroup_food,all,all,50,NA,0.57,182,NA,NA,NA,NA,NA,NA,NA,TRUE
min_value_10y,2023-M04,month,CHFL,CHFL,all,agegroup_food,all,all,46,NA,0.53,261,NA,NA,NA,NA,NA,NA,NA,TRUE
min_value_10y,2023-M05,month,CHFL,CHFL,all,agegroup_food,all,all,58,NA,0.67,319,NA,NA,NA,NA,NA,NA,NA,TRUE
min_value_10y,2023-M06,month,CHFL,CHFL,all,agegroup_food,all,all,78,NA,0.91,398,NA,NA,NA,NA,NA,NA,NA,TRUE
min_value_10y,2023-M07,month,CHFL,CHFL,all,agegroup_food,all,all,125,NA,1.49,533,NA,NA,NA,NA,NA,NA,NA,TRUE
min_value_10y,2023-M08,month,CHFL,CHFL,all,agegroup_food,all,all,206,NA,2.37,739,NA,NA,NA,NA,NA,NA,NA,TRUE
min_value_10y,2023-M09,month,CHFL,CHFL,all,agegroup_food,all,all,133,NA,1.61,939,NA,NA,NA,NA,NA,NA,NA,TRUE
min_value_10y,2023-M10,month,CHFL,CHFL,all,agegroup_food,all,all,130,NA,1.49,1069,NA,NA,NA,NA,NA,NA,NA,TRUE
min_value_10y,2023-M11,month,CHFL,CHFL,all,agegroup_food,all,all,90,NA,1.03,1159,NA,NA,NA,NA,NA,NA,NA,TRUE
min_value_10y,2023-M12,month,CHFL,CHFL,all,agegroup_food,all,all,56,NA,0.66,1240,NA,NA,NA,NA,NA,NA,NA,TRUE
min_value_10y,2024-M01,month,CHFL,CHFL,all,agegroup_food,all,all,65,NA,0.74,65,NA,NA,NA,NA,NA,NA,NA,TRUE
min_value_10y,2024-M02,month,CHFL,CHFL,all,agegroup_food,all,all,46,NA,0.55,117,NA,NA,NA,NA,NA,NA,NA,TRUE
min_value_10y,2024-M03,month,CHFL,CHFL,all,agegroup_food,all,all,50,NA,0.57,182,NA,NA,NA,NA,NA,NA,NA,TRUE
min_value_10y,2024-M04,month,CHFL,CHFL,all,agegroup_food,all,all,46,NA,0.53,261,NA,NA,NA,NA,NA,NA,NA,TRUE
min_value_10y,2024-M05,month,CHFL,CHFL,all,agegroup_food,all,all,58,NA,0.67,319,NA,NA,NA,NA,NA,NA,NA,TRUE
min_value_10y,2024-M06,month,CHFL,CHFL,all,agegroup_food,all,all,78,NA,0.91,398,NA,NA,NA,NA,NA,NA,NA,TRUE
min_value_10y,2024-M07,month,CHFL,CHFL,all,agegroup_food,all,all,126,NA,1.49,533,NA,NA,NA,NA,NA,NA,NA,TRUE
min_value_10y,2024-M08,month,CHFL,CHFL,all,agegroup_food,all,all,206,NA,2.37,739,NA,NA,NA,NA,NA,NA,NA,TRUE
min_value_10y,2024-M09,month,CHFL,CHFL,all,agegroup_food,all,all,165,NA,1.91,939,NA,NA,NA,NA,NA,NA,NA,TRUE
min_value_10y,2024-M10,month,CHFL,CHFL,all,agegroup_food,all,all,130,NA,1.49,1069,NA,NA,NA,NA,NA,NA,NA,TRUE
min_value_10y,2024-M11,month,CHFL,CHFL,all,agegroup_food,all,all,90,NA,1.03,1159,NA,NA,NA,NA,NA,NA,NA,TRUE
min_value_10y,2024-M12,month,CHFL,CHFL,all,agegroup_food,all,all,56,NA,0.66,1249,NA,NA,NA,NA,NA,NA,NA,TRUE
min_value_10y,2025-M01,month,CHFL,CHFL,all,agegroup_food,all,all,65,NA,0.74,65,NA,NA,NA,NA,NA,NA,NA,TRUE
min_value_10y,2025-M02,month,CHFL,CHFL,all,agegroup_food,all,all,54,NA,0.61,125,NA,NA,NA,NA,NA,NA,NA,TRUE
min_value_10y,2025-M03,month,CHFL,CHFL,all,agegroup_food,all,all,50,NA,0.57,190,NA,NA,NA,NA,NA,NA,NA,TRUE
min_value_10y,2025-M04,month,CHFL,CHFL,all,agegroup_food,all,all,46,NA,0.53,261,NA,NA,NA,NA,NA,NA,NA,TRUE
min_value_10y,2025-M05,month,CHFL,CHFL,all,agegroup_food,all,all,58,NA,0.67,319,NA,NA,NA,NA,NA,NA,NA,TRUE
min_value_10y,2025-M06,month,CHFL,CHFL,all,agegroup_food,all,all,78,NA,0.91,398,NA,NA,NA,NA,NA,NA,NA,TRUE
min_value_10y,2025-M07,month,CHFL,CHFL,all,agegroup_food,all,all,126,NA,1.49,533,NA,NA,NA,NA,NA,NA,NA,TRUE
min_value_10y,2025-M08,month,CHFL,CHFL,all,agegroup_food,all,all,206,NA,2.37,739,NA,NA,NA,NA,NA,NA,NA,TRUE
min_value_10y,2025-M09,month,CHFL,CHFL,all,agegroup_food,all,all,165,NA,1.91,939,NA,NA,NA,NA,NA,NA,NA,TRUE
min_value_10y,2025-M10,month,CHFL,CHFL,all,agegroup_food,all,all,130,NA,1.49,1069,NA,NA,NA,NA,NA,NA,NA,TRUE
min_value_10y,2025-M11,month,CHFL,CHFL,all,agegroup_food,all,all,90,NA,1.03,1159,NA,NA,NA,NA,NA,NA,NA,TRUE
min_value_10y,2025-M12,month,CHFL,CHFL,all,agegroup_food,all,all,58,NA,0.66,1249,NA,NA,NA,NA,NA,NA,NA,TRUE
min_value_10y,2026-M01,month,CHFL,CHFL,all,agegroup_food,all,all,65,NA,0.74,65,NA,NA,NA,NA,NA,NA,NA,TRUE
min_value_10y,2026-M02,month,CHFL,CHFL,all,agegroup_food,all,all,54,NA,0.61,125,NA,NA,NA,NA,NA,NA,NA,TRUE
min_value_10y,2026-M03,month,CHFL,CHFL,all,agegroup_food,all,all,50,NA,0.57,190,NA,NA,NA,NA,NA,NA,NA,TRUE
min_value_10y,2026-M04,month,CHFL,CHFL,all,agegroup_food,all,all,46,NA,0.53,261,NA,NA,NA,NA,NA,NA,NA,TRUE
min_value_10y,2026-M05,month,CHFL,CHFL,all,agegroup_food,all,all,58,NA,0.67,319,NA,NA,NA,NA,NA,NA,NA,TRUE
min_value_10y,2026-M06,month,CHFL,CHFL,all,agegroup_food,all,all,79,NA,0.91,398,NA,NA,NA,NA,NA,NA,NA,TRUE
min_value_10y,2026-M07,month,CHFL,CHFL,all,agegroup_food,all,all,135,NA,1.55,533,NA,NA,NA,NA,NA,NA,NA,TRUE
min_value_10y,2026-M08,month,CHFL,CHFL,all,agegroup_food,all,all,206,NA,2.37,739,NA,NA,NA,NA,NA,NA,NA,TRUE
median_value_10y,2022-M01,month,CHFL,CHFL,all,agegroup_food,all,all,87,NA,1.02,87,NA,NA,NA,NA,NA,NA,NA,TRUE
median_value_10y,2022-M02,month,CHFL,CHFL,all,agegroup_food,all,all,64,NA,0.74,152,NA,NA,NA,NA,NA,NA,NA,TRUE
median_value_10y,2022-M03,month,CHFL,CHFL,all,agegroup_food,all,all,71,NA,0.84,214,NA,NA,NA,NA,NA,NA,NA,TRUE
median_value_10y,2022-M04,month,CHFL,CHFL,all,agegroup_food,all,all,86,NA,1.02,302,NA,NA,NA,NA,NA,NA,NA,TRUE
median_value_10y,2022-M05,month,CHFL,CHFL,all,agegroup_food,all,all,99,NA,1.15,400,NA,NA,NA,NA,NA,NA,NA,TRUE
median_value_10y,2022-M06,month,CHFL,CHFL,all,agegroup_food,all,all,94,NA,1.12,506,NA,NA,NA,NA,NA,NA,NA,TRUE
median_value_10y,2022-M07,month,CHFL,CHFL,all,agegroup_food,all,all,144,NA,1.69,658,NA,NA,NA,NA,NA,NA,NA,TRUE
median_value_10y,2022-M08,month,CHFL,CHFL,all,agegroup_food,all,all,250,NA,2.93,932,NA,NA,NA,NA,NA,NA,NA,TRUE
median_value_10y,2022-M09,month,CHFL,CHFL,all,agegroup_food,all,all,185,NA,2.14,1118,NA,NA,NA,NA,NA,NA,NA,TRUE
median_value_10y,2022-M10,month,CHFL,CHFL,all,agegroup_food,all,all,178,NA,2.04,1290,NA,NA,NA,NA,NA,NA,NA,TRUE
median_value_10y,2022-M11,month,CHFL,CHFL,all,agegroup_food,all,all,118,NA,1.4,1398,NA,NA,NA,NA,NA,NA,NA,TRUE
median_value_10y,2022-M12,month,CHFL,CHFL,all,agegroup_food,all,all,84,NA,0.98,1477,NA,NA,NA,NA,NA,NA,NA,TRUE
median_value_10y,2023-M01,month,CHFL,CHFL,all,agegroup_food,all,all,87,NA,1.02,87,NA,NA,NA,NA,NA,NA,NA,TRUE
median_value_10y,2023-M02,month,CHFL,CHFL,all,agegroup_food,all,all,64,NA,0.74,152,NA,NA,NA,NA,NA,NA,NA,TRUE
median_value_10y,2023-M03,month,CHFL,CHFL,all,agegroup_food,all,all,74,NA,0.86,214,NA,NA,NA,NA,NA,NA,NA,TRUE
median_value_10y,2023-M04,month,CHFL,CHFL,all,agegroup_food,all,all,86,NA,1.02,302,NA,NA,NA,NA,NA,NA,NA,TRUE
median_value_10y,2023-M05,month,CHFL,CHFL,all,agegroup_food,all,all,102,NA,1.19,420,NA,NA,NA,NA,NA,NA,NA,TRUE
median_value_10y,2023-M06,month,CHFL,CHFL,all,agegroup_food,all,all,105,NA,1.22,520,NA,NA,NA,NA,NA,NA,NA,TRUE
median_value_10y,2023-M07,month,CHFL,CHFL,all,agegroup_food,all,all,152,NA,1.78,680,NA,NA,NA,NA,NA,NA,NA,TRUE
median_value_10y,2023-M08,month,CHFL,CHFL,all,agegroup_food,all,all,270,NA,3.14,946,NA,NA,NA,NA,NA,NA,NA,TRUE
median_value_10y,2023-M09,month,CHFL,CHFL,all,agegroup_food,all,all,198,NA,2.28,1132,NA,NA,NA,NA,NA,NA,NA,TRUE
median_value_10y,2023-M10,month,CHFL,CHFL,all,agegroup_food,all,all,182,NA,2.12,1304,NA,NA,NA,NA,NA,NA,NA,TRUE
median_value_10y,2023-M11,month,CHFL,CHFL,all,agegroup_food,all,all,114,NA,1.31,1418,NA,NA,NA,NA,NA,NA,NA,TRUE
median_value_10y,2023-M12,month,CHFL,CHFL,all,agegroup_food,all,all,85,NA,0.98,1502,NA,NA,NA,NA,NA,NA,NA,TRUE
median_value_10y,2024-M01,month,CHFL,CHFL,all,agegroup_food,all,all,87,NA,0.98,87,NA,NA,NA,NA,NA,NA,NA,TRUE
median_value_10y,2024-M02,month,CHFL,CHFL,all,agegroup_food,all,all,70,NA,0.82,161,NA,NA,NA,NA,NA,NA,NA,TRUE
median_value_10y,2024-M03,month,CHFL,CHFL,all,agegroup_food,all,all,77,NA,0.88,228,NA,NA,NA,NA,NA,NA,NA,TRUE
median_value_10y,2024-M04,month,CHFL,CHFL,all,agegroup_food,all,all,89,NA,1.03,320,NA,NA,NA,NA,NA,NA,NA,TRUE
median_value_10y,2024-M05,month,CHFL,CHFL,all,agegroup_food,all,all,108,NA,1.27,447,NA,NA,NA,NA,NA,NA,NA,TRUE
median_value_10y,2024-M06,month,CHFL,CHFL,all,agegroup_food,all,all,114,NA,1.31,538,NA,NA,NA,NA,NA,NA,NA,TRUE
median_value_10y,2024-M07,month,CHFL,CHFL,all,agegroup_food,all,all,169,NA,1.94,702,NA,NA,NA,NA,NA,NA,NA,TRUE
median_value_10y,2024-M08,month,CHFL,CHFL,all,agegroup_food,all,all,286,NA,3.32,964,NA,NA,NA,NA,NA,NA,NA,TRUE
median_value_10y,2024-M09,month,CHFL,CHFL,all,agegroup_food,all,all,199,NA,2.32,1146,NA,NA,NA,NA,NA,NA,NA,TRUE
median_value_10y,2024-M10,month,CHFL,CHFL,all,agegroup_food,all,all,186,NA,2.2,1324,NA,NA,NA,NA,NA,NA,NA,TRUE
median_value_10y,2024-M11,month,CHFL,CHFL,all,agegroup_food,all,all,118,NA,1.4,1441,NA,NA,NA,NA,NA,NA,NA,TRUE
median_value_10y,2024-M12,month,CHFL,CHFL,all,agegroup_food,all,all,86,NA,0.98,1532,NA,NA,NA,NA,NA,NA,NA,TRUE
median_value_10y,2025-M01,month,CHFL,CHFL,all,agegroup_food,all,all,87,NA,1.02,87,NA,NA,NA,NA,NA,NA,NA,TRUE
median_value_10y,2025-M02,month,CHFL,CHFL,all,agegroup_food,all,all,74,NA,0.84,164,NA,NA,NA,NA,NA,NA,NA,TRUE
median_value_10y,2025-M03,month,CHFL,CHFL,all,agegroup_food,all,all,78,NA,0.9,242,NA,NA,NA,NA,NA,NA,NA,TRUE
median_value_10y,2025-M04,month,CHFL,CHFL,all,agegroup_food,all,all,92,NA,1.05,336,NA,NA,NA,NA,NA,NA,NA,TRUE
median_value_10y,2025-M05,month,CHFL,CHFL,all,agegroup_food,all,all,114,NA,1.32,450,NA,NA,NA,NA,NA,NA,NA,TRUE
median_value_10y,2025-M06,month,CHFL,CHFL,all,agegroup_food,all,all,122,NA,1.37,554,NA,NA,NA,NA,NA,NA,NA,TRUE
median_value_10y,2025-M07,month,CHFL,CHFL,all,agegroup_food,all,all,186,NA,2.09,725,NA,NA,NA,NA,NA,NA,NA,TRUE
median_value_10y,2025-M08,month,CHFL,CHFL,all,agegroup_food,all,all,298,NA,3.36,1048,NA,NA,NA,NA,NA,NA,NA,TRUE
median_value_10y,2025-M09,month,CHFL,CHFL,all,agegroup_food,all,all,220,NA,2.53,1278,NA,NA,NA,NA,NA,NA,NA,TRUE
median_value_10y,2025-M10,month,CHFL,CHFL,all,agegroup_food,all,all,190,NA,2.21,1472,NA,NA,NA,NA,NA,NA,NA,TRUE
median_value_10y,2025-M11,month,CHFL,CHFL,all,agegroup_food,all,all,118,NA,1.4,1597,NA,NA,NA,NA,NA,NA,NA,TRUE
median_value_10y,2025-M12,month,CHFL,CHFL,all,agegroup_food,all,all,88,NA,1,1683,NA,NA,NA,NA,NA,NA,NA,TRUE
median_value_10y,2026-M01,month,CHFL,CHFL,all,agegroup_food,all,all,90,NA,1.04,90,NA,NA,NA,NA,NA,NA,NA,TRUE
median_value_10y,2026-M02,month,CHFL,CHFL,all,agegroup_food,all,all,77,NA,0.87,174,NA,NA,NA,NA,NA,NA,NA,TRUE
median_value_10y,2026-M03,month,CHFL,CHFL,all,agegroup_food,all,all,78,NA,0.9,253,NA,NA,NA,NA,NA,NA,NA,TRUE
median_value_10y,2026-M04,month,CHFL,CHFL,all,agegroup_food,all,all,92,NA,1.05,336,NA,NA,NA,NA,NA,NA,NA,TRUE
median_value_10y,2026-M05,month,CHFL,CHFL,all,agegroup_food,all,all,121,NA,1.36,454,NA,NA,NA,NA,NA,NA,NA,TRUE
median_value_10y,2026-M06,month,CHFL,CHFL,all,agegroup_food,all,all,124,NA,1.39,586,NA,NA,NA,NA,NA,NA,NA,TRUE
median_value_10y,2026-M07,month,CHFL,CHFL,all,agegroup_food,all,all,201,NA,2.25,778,NA,NA,NA,NA,NA,NA,NA,TRUE
median_value_10y,2026-M08,month,CHFL,CHFL,all,agegroup_food,all,all,320,NA,3.58,1135,NA,NA,NA,NA,NA,NA,NA,TRUE
max_value_10y,2022-M01,month,CHFL,CHFL,all,agegroup_food,all,all,109,NA,1.27,109,NA,NA,NA,NA,NA,NA,NA,TRUE
max_value_10y,2022-M02,month,CHFL,CHFL,all,agegroup_food,all,all,80,NA,0.93,189,NA,NA,NA,NA,NA,NA,NA,TRUE
max_value_10y,2022-M03,month,CHFL,CHFL,all,agegroup_food,all,all,84,NA,0.99,265,NA,NA,NA,NA,NA,NA,NA,TRUE
max_value_10y,2022-M04,month,CHFL,CHFL,all,agegroup_food,all,all,98,NA,1.16,341,NA,NA,NA,NA,NA,NA,NA,TRUE
max_value_10y,2022-M05,month,CHFL,CHFL,all,agegroup_food,all,all,152,NA,1.72,458,NA,NA,NA,NA,NA,NA,NA,TRUE
max_value_10y,2022-M06,month,CHFL,CHFL,all,agegroup_food,all,all,157,NA,1.77,615,NA,NA,NA,NA,NA,NA,NA,TRUE
max_value_10y,2022-M07,month,CHFL,CHFL,all,agegroup_food,all,all,219,NA,2.57,827,NA,NA,NA,NA,NA,NA,NA,TRUE
max_value_10y,2022-M08,month,CHFL,CHFL,all,agegroup_food,all,all,408,NA,4.79,1161,NA,NA,NA,NA,NA,NA,NA,TRUE
max_value_10y,2022-M09,month,CHFL,CHFL,all,agegroup_food,all,all,294,NA,3.45,1439,NA,NA,NA,NA,NA,NA,NA,TRUE
max_value_10y,2022-M10,month,CHFL,CHFL,all,agegroup_food,all,all,213,NA,2.41,1635,NA,NA,NA,NA,NA,NA,NA,TRUE
max_value_10y,2022-M11,month,CHFL,CHFL,all,agegroup_food,all,all,138,NA,1.6,1752,NA,NA,NA,NA,NA,NA,NA,TRUE
max_value_10y,2022-M12,month,CHFL,CHFL,all,agegroup_food,all,all,110,NA,1.3,1844,NA,NA,NA,NA,NA,NA,NA,TRUE
max_value_10y,2023-M01,month,CHFL,CHFL,all,agegroup_food,all,all,114,NA,1.27,114,NA,NA,NA,NA,NA,NA,NA,TRUE
max_value_10y,2023-M02,month,CHFL,CHFL,all,agegroup_food,all,all,80,NA,0.93,190,NA,NA,NA,NA,NA,NA,NA,TRUE
max_value_10y,2023-M03,month,CHFL,CHFL,all,agegroup_food,all,all,84,NA,0.99,274,NA,NA,NA,NA,NA,NA,NA,TRUE
max_value_10y,2023-M04,month,CHFL,CHFL,all,agegroup_food,all,all,99,NA,1.16,373,NA,NA,NA,NA,NA,NA,NA,TRUE
max_value_10y,2023-M05,month,CHFL,CHFL,all,agegroup_food,all,all,152,NA,1.72,504,NA,NA,NA,NA,NA,NA,NA,TRUE
max_value_10y,2023-M06,month,CHFL,CHFL,all,agegroup_food,all,all,157,NA,1.77,630,NA,NA,NA,NA,NA,NA,NA,TRUE
max_value_10y,2023-M07,month,CHFL,CHFL,all,agegroup_food,all,all,219,NA,2.57,827,NA,NA,NA,NA,NA,NA,NA,TRUE
max_value_10y,2023-M08,month,CHFL,CHFL,all,agegroup_food,all,all,408,NA,4.79,1161,NA,NA,NA,NA,NA,NA,NA,TRUE
max_value_10y,2023-M09,month,CHFL,CHFL,all,agegroup_food,all,all,294,NA,3.45,1439,NA,NA,NA,NA,NA,NA,NA,TRUE
max_value_10y,2023-M10,month,CHFL,CHFL,all,agegroup_food,all,all,222,NA,2.47,1635,NA,NA,NA,NA,NA,NA,NA,TRUE
max_value_10y,2023-M11,month,CHFL,CHFL,all,agegroup_food,all,all,138,NA,1.6,1752,NA,NA,NA,NA,NA,NA,NA,TRUE
max_value_10y,2023-M12,month,CHFL,CHFL,all,agegroup_food,all,all,110,NA,1.3,1844,NA,NA,NA,NA,NA,NA,NA,TRUE
max_value_10y,2024-M01,month,CHFL,CHFL,all,agegroup_food,all,all,114,NA,1.27,114,NA,NA,NA,NA,NA,NA,NA,TRUE
max_value_10y,2024-M02,month,CHFL,CHFL,all,agegroup_food,all,all,97,NA,1.07,190,NA,NA,NA,NA,NA,NA,NA,TRUE
max_value_10y,2024-M03,month,CHFL,CHFL,all,agegroup_food,all,all,95,NA,1.04,279,NA,NA,NA,NA,NA,NA,NA,TRUE
max_value_10y,2024-M04,month,CHFL,CHFL,all,agegroup_food,all,all,127,NA,1.4,406,NA,NA,NA,NA,NA,NA,NA,TRUE
max_value_10y,2024-M05,month,CHFL,CHFL,all,agegroup_food,all,all,152,NA,1.72,534,NA,NA,NA,NA,NA,NA,NA,TRUE
max_value_10y,2024-M06,month,CHFL,CHFL,all,agegroup_food,all,all,157,NA,1.77,658,NA,NA,NA,NA,NA,NA,NA,TRUE
max_value_10y,2024-M07,month,CHFL,CHFL,all,agegroup_food,all,all,221,NA,2.57,879,NA,NA,NA,NA,NA,NA,NA,TRUE
max_value_10y,2024-M08,month,CHFL,CHFL,all,agegroup_food,all,all,437,NA,4.81,1316,NA,NA,NA,NA,NA,NA,NA,TRUE
max_value_10y,2024-M09,month,CHFL,CHFL,all,agegroup_food,all,all,334,NA,3.67,1650,NA,NA,NA,NA,NA,NA,NA,TRUE
max_value_10y,2024-M10,month,CHFL,CHFL,all,agegroup_food,all,all,342,NA,3.76,1992,NA,NA,NA,NA,NA,NA,NA,TRUE
max_value_10y,2024-M11,month,CHFL,CHFL,all,agegroup_food,all,all,183,NA,2.01,2175,NA,NA,NA,NA,NA,NA,NA,TRUE
max_value_10y,2024-M12,month,CHFL,CHFL,all,agegroup_food,all,all,110,NA,1.3,2263,NA,NA,NA,NA,NA,NA,NA,TRUE
max_value_10y,2025-M01,month,CHFL,CHFL,all,agegroup_food,all,all,147,NA,1.62,147,NA,NA,NA,NA,NA,NA,NA,TRUE
max_value_10y,2025-M02,month,CHFL,CHFL,all,agegroup_food,all,all,100,NA,1.1,247,NA,NA,NA,NA,NA,NA,NA,TRUE
max_value_10y,2025-M03,month,CHFL,CHFL,all,agegroup_food,all,all,121,NA,1.33,368,NA,NA,NA,NA,NA,NA,NA,TRUE
max_value_10y,2025-M04,month,CHFL,CHFL,all,agegroup_food,all,all,131,NA,1.44,499,NA,NA,NA,NA,NA,NA,NA,TRUE
max_value_10y,2025-M05,month,CHFL,CHFL,all,agegroup_food,all,all,177,NA,1.95,676,NA,NA,NA,NA,NA,NA,NA,TRUE
max_value_10y,2025-M06,month,CHFL,CHFL,all,agegroup_food,all,all,180,NA,1.98,856,NA,NA,NA,NA,NA,NA,NA,TRUE
max_value_10y,2025-M07,month,CHFL,CHFL,all,agegroup_food,all,all,246,NA,2.71,1102,NA,NA,NA,NA,NA,NA,NA,TRUE
max_value_10y,2025-M08,month,CHFL,CHFL,all,agegroup_food,all,all,437,NA,4.81,1476,NA,NA,NA,NA,NA,NA,NA,TRUE
max_value_10y,2025-M09,month,CHFL,CHFL,all,agegroup_food,all,all,334,NA,3.67,1773,NA,NA,NA,NA,NA,NA,NA,TRUE
max_value_10y,2025-M10,month,CHFL,CHFL,all,agegroup_food,all,all,342,NA,3.76,2022,NA,NA,NA,NA,NA,NA,NA,TRUE
max_value_10y,2025-M11,month,CHFL,CHFL,all,agegroup_food,all,all,183,NA,2.01,2175,NA,NA,NA,NA,NA,NA,NA,TRUE
max_value_10y,2025-M12,month,CHFL,CHFL,all,agegroup_food,all,all,119,NA,1.31,2288,NA,NA,NA,NA,NA,NA,NA,TRUE
max_value_10y,2026-M01,month,CHFL,CHFL,all,agegroup_food,all,all,147,NA,1.62,147,NA,NA,NA,NA,NA,NA,NA,TRUE
max_value_10y,2026-M02,month,CHFL,CHFL,all,agegroup_food,all,all,100,NA,1.1,247,NA,NA,NA,NA,NA,NA,NA,TRUE
max_value_10y,2026-M03,month,CHFL,CHFL,all,agegroup_food,all,all,121,NA,1.33,368,NA,NA,NA,NA,NA,NA,NA,TRUE
max_value_10y,2026-M04,month,CHFL,CHFL,all,agegroup_food,all,all,141,NA,1.55,499,NA,NA,NA,NA,NA,NA,NA,TRUE
max_value_10y,2026-M05,month,CHFL,CHFL,all,agegroup_food,all,all,177,NA,1.95,676,NA,NA,NA,NA,NA,NA,NA,TRUE
max_value_10y,2026-M06,month,CHFL,CHFL,all,agegroup_food,all,all,180,NA,1.98,856,NA,NA,NA,NA,NA,NA,NA,TRUE
max_value_10y,2026-M07,month,CHFL,CHFL,all,agegroup_food,all,all,290,NA,3.19,1102,NA,NA,NA,NA,NA,NA,NA,TRUE
max_value_10y,2026-M08,month,CHFL,CHFL,all,agegroup_food,all,all,555,NA,6.1,1613,NA,NA,NA,NA,NA,NA,NA,TRUE
cases,2013,year,AG,canton,all,agegroup_food,all,all,86,636362,13.51,NA,NA,NA,6.8,NA,NA,NA,NA,TRUE
cases,2013,year,AI,canton,all,agegroup_food,all,all,0,15778,0,NA,NA,NA,0,NA,NA,NA,NA,TRUE
cases,2013,year,AR,canton,all,agegroup_food,all,all,11,53691,20.49,NA,NA,NA,0.9,NA,NA,NA,NA,TRUE
cases,2013,year,BE,canton,all,agegroup_food,all,all,141,1001281,14.08,NA,NA,NA,11.1,NA,NA,NA,NA,TRUE
cases,2013,year,BL,canton,all,agegroup_food,all,all,47,278656,16.87,NA,NA,NA,3.7,NA,NA,NA,NA,TRUE
cases,2013,year,BS,canton,all,agegroup_food,all,all,44,189335,23.24,NA,NA,NA,3.5,NA,NA,NA,NA,TRUE
cases,2013,year,CH,country,all,agegroup_food,all,all,1267,8139631,15.57,NA,NA,NA,99.7,NA,NA,NA,NA,TRUE
cases,2013,year,CHFL,CHFL,all,agegroup_food,all,all,1271,8176573,15.54,NA,NA,NA,100,NA,NA,NA,NA,TRUE
cases,2013,year,FL,country,all,agegroup_food,all,all,4,36942,10.83,NA,NA,NA,0.3,NA,NA,NA,NA,TRUE
cases,2013,year,FR,canton,all,agegroup_food,all,all,37,297622,12.43,NA,NA,NA,2.9,NA,NA,NA,NA,TRUE
cases,2013,year,GE,canton,all,agegroup_food,all,all,81,469433,17.25,NA,NA,NA,6.4,NA,NA,NA,NA,TRUE
cases,2013,year,GL,canton,all,agegroup_food,all,all,11,39593,27.78,NA,NA,NA,0.9,NA,NA,NA,NA,TRUE
cases,2013,year,GR,canton,all,agegroup_food,all,all,34,194959,17.44,NA,NA,NA,2.7,NA,NA,NA,NA,TRUE
cases,2013,year,JU,canton,all,agegroup_food,all,all,18,71738,25.09,NA,NA,NA,1.4,NA,NA,NA,NA,TRUE
cases,2013,year,LU,canton,all,agegroup_food,all,all,69,390349,17.68,NA,NA,NA,5.4,NA,NA,NA,NA,TRUE
cases,2013,year,NE,canton,all,agegroup_food,all,all,25,176402,14.17,NA,NA,NA,2,NA,NA,NA,NA,TRUE
cases,2013,year,NW,canton,all,agegroup_food,all,all,2,41888,4.77,NA,NA,NA,0.2,NA,NA,NA,NA,TRUE
cases,2013,year,OW,canton,all,agegroup_food,all,all,6,36507,16.44,NA,NA,NA,0.5,NA,NA,NA,NA,TRUE
cases,2013,year,SG,canton,all,agegroup_food,all,all,85,491699,17.29,NA,NA,NA,6.7,NA,NA,NA,NA,TRUE
cases,2013,year,SH,canton,all,agegroup_food,all,all,12,78783,15.23,NA,NA,NA,0.9,NA,NA,NA,NA,TRUE
cases,2013,year,SO,canton,all,agegroup_food,all,all,45,261437,17.21,NA,NA,NA,3.6,NA,NA,NA,NA,TRUE
cases,2013,year,SZ,canton,all,agegroup_food,all,all,17,151396,11.23,NA,NA,NA,1.3,NA,NA,NA,NA,TRUE
cases,2013,year,TG,canton,all,agegroup_food,all,all,39,260278,14.98,NA,NA,NA,3.1,NA,NA,NA,NA,TRUE
cases,2013,year,TI,canton,all,agegroup_food,all,all,62,346539,17.89,NA,NA,NA,4.9,NA,NA,NA,NA,TRUE
cases,2013,year,UR,canton,all,agegroup_food,all,all,4,35865,11.15,NA,NA,NA,0.3,NA,NA,NA,NA,TRUE
cases,2013,year,VD,canton,all,agegroup_food,all,all,105,749373,14.01,NA,NA,NA,8.3,NA,NA,NA,NA,TRUE
cases,2013,year,VS,canton,all,agegroup_food,all,all,57,327011,17.43,NA,NA,NA,4.5,NA,NA,NA,NA,TRUE
cases,2013,year,ZG,canton,all,agegroup_food,all,all,21,118118,17.78,NA,NA,NA,1.7,NA,NA,NA,NA,TRUE
cases,2013,year,ZH,canton,all,agegroup_food,all,all,208,1425538,14.59,NA,NA,NA,16.4,NA,NA,NA,NA,TRUE
cases,2014,year,AG,canton,all,agegroup_food,all,all,105,645277,16.27,NA,NA,NA,8.5,NA,NA,NA,NA,TRUE
cases,2014,year,AI,canton,all,agegroup_food,all,all,3,15854,18.92,NA,NA,NA,0.2,NA,NA,NA,NA,TRUE
cases,2014,year,AR,canton,all,agegroup_food,all,all,8,54064,14.8,NA,NA,NA,0.6,NA,NA,NA,NA,TRUE
cases,2014,year,BE,canton,all,agegroup_food,all,all,112,1009418,11.1,NA,NA,NA,9.1,NA,NA,NA,NA,TRUE
cases,2014,year,BL,canton,all,agegroup_food,all,all,41,281301,14.58,NA,NA,NA,3.3,NA,NA,NA,NA,TRUE
cases,2014,year,BS,canton,all,agegroup_food,all,all,44,190580,23.09,NA,NA,NA,3.6,NA,NA,NA,NA,TRUE
cases,2014,year,CH,country,all,agegroup_food,all,all,1235,8237666,14.99,NA,NA,NA,99.6,NA,NA,NA,NA,TRUE
cases,2014,year,CHFL,CHFL,all,agegroup_food,all,all,1240,8274608,14.99,NA,NA,NA,100,-31,-0.55,-3.5,NA,TRUE
cases,2014,year,FL,country,all,agegroup_food,all,all,5,36942,13.53,NA,NA,NA,0.4,NA,NA,NA,NA,TRUE
cases,2014,year,FR,canton,all,agegroup_food,all,all,41,303377,13.51,NA,NA,NA,3.3,NA,NA,NA,NA,TRUE
cases,2014,year,GE,canton,all,agegroup_food,all,all,104,477385,21.79,NA,NA,NA,8.4,NA,NA,NA,NA,TRUE
cases,2014,year,GL,canton,all,agegroup_food,all,all,3,39794,7.54,NA,NA,NA,0.2,NA,NA,NA,NA,TRUE
cases,2014,year,GR,canton,all,agegroup_food,all,all,30,195886,15.32,NA,NA,NA,2.4,NA,NA,NA,NA,TRUE
cases,2014,year,JU,canton,all,agegroup_food,all,all,11,72410,15.19,NA,NA,NA,0.9,NA,NA,NA,NA,TRUE
cases,2014,year,LU,canton,all,agegroup_food,all,all,55,394604,13.94,NA,NA,NA,4.5,NA,NA,NA,NA,TRUE
cases,2014,year,NE,canton,all,agegroup_food,all,all,25,177327,14.1,NA,NA,NA,2,NA,NA,NA,NA,TRUE
cases,2014,year,NW,canton,all,agegroup_food,all,all,1,42080,2.38,NA,NA,NA,0.1,NA,NA,NA,NA,TRUE
cases,2014,year,OW,canton,all,agegroup_food,all,all,1,36834,2.71,NA,NA,NA,0.1,NA,NA,NA,NA,TRUE
cases,2014,year,SG,canton,all,agegroup_food,all,all,48,495824,9.68,NA,NA,NA,3.9,NA,NA,NA,NA,TRUE
cases,2014,year,SH,canton,all,agegroup_food,all,all,13,79417,16.37,NA,NA,NA,1.1,NA,NA,NA,NA,TRUE
cases,2014,year,SO,canton,all,agegroup_food,all,all,39,263719,14.79,NA,NA,NA,3.2,NA,NA,NA,NA,TRUE
cases,2014,year,SZ,canton,all,agegroup_food,all,all,27,152759,17.67,NA,NA,NA,2.2,NA,NA,NA,NA,TRUE
cases,2014,year,TG,canton,all,agegroup_food,all,all,52,263733,19.72,NA,NA,NA,4.2,NA,NA,NA,NA,TRUE
cases,2014,year,TI,canton,all,agegroup_food,all,all,79,350363,22.55,NA,NA,NA,6.4,NA,NA,NA,NA,TRUE
cases,2014,year,UR,canton,all,agegroup_food,all,all,6,36008,16.66,NA,NA,NA,0.5,NA,NA,NA,NA,TRUE
cases,2014,year,VD,canton,all,agegroup_food,all,all,129,761446,16.94,NA,NA,NA,10.4,NA,NA,NA,NA,TRUE
cases,2014,year,VS,canton,all,agegroup_food,all,all,52,331763,15.67,NA,NA,NA,4.2,NA,NA,NA,NA,TRUE
cases,2014,year,ZG,canton,all,agegroup_food,all,all,8,120089,6.66,NA,NA,NA,0.6,NA,NA,NA,NA,TRUE
cases,2014,year,ZH,canton,all,agegroup_food,all,all,198,1446354,13.69,NA,NA,NA,16,NA,NA,NA,NA,TRUE
cases,2015,year,AG,canton,all,agegroup_food,all,all,96,653541,14.69,NA,95.7,NA,7.1,NA,NA,NA,NA,TRUE
cases,2015,year,AI,canton,all,agegroup_food,all,all,2,15973,12.52,NA,1.7,NA,0.1,NA,NA,NA,NA,TRUE
cases,2015,year,AR,canton,all,agegroup_food,all,all,11,54530,20.17,NA,10,NA,0.8,NA,NA,NA,NA,TRUE
cases,2015,year,BE,canton,all,agegroup_food,all,all,153,1017183,15.04,NA,135.3,NA,11.3,NA,NA,NA,NA,TRUE
cases,2015,year,BL,canton,all,agegroup_food,all,all,55,283157,19.42,NA,47.7,NA,4.1,NA,NA,NA,NA,TRUE
cases,2015,year,BS,canton,all,agegroup_food,all,all,34,191757,17.73,NA,40.7,NA,2.5,NA,NA,NA,NA,TRUE
cases,2015,year,CH,country,all,agegroup_food,all,all,1354,8325194,16.26,NA,1285.3,NA,99.9,NA,NA,NA,NA,TRUE
cases,2015,year,CHFL,CHFL,all,agegroup_food,all,all,1355,8362816,16.2,NA,1288.7,NA,100,115,1.21,8.1,NA,TRUE
cases,2015,year,FL,country,all,agegroup_food,all,all,1,37622,2.66,NA,3.3,NA,0.1,NA,NA,NA,NA,TRUE
cases,2015,year,FR,canton,all,agegroup_food,all,all,37,307409,12.04,NA,38.3,NA,2.7,NA,NA,NA,NA,TRUE
cases,2015,year,GE,canton,all,agegroup_food,all,all,134,484445,27.66,NA,106.3,NA,9.9,NA,NA,NA,NA,TRUE
cases,2015,year,GL,canton,all,agegroup_food,all,all,8,40021,19.99,NA,7.3,NA,0.6,NA,NA,NA,NA,TRUE
cases,2015,year,GR,canton,all,agegroup_food,all,all,26,196564,13.23,NA,30,NA,1.9,NA,NA,NA,NA,TRUE
cases,2015,year,JU,canton,all,agegroup_food,all,all,22,72771,30.23,NA,17,NA,1.6,NA,NA,NA,NA,TRUE
cases,2015,year,LU,canton,all,agegroup_food,all,all,53,398699,13.29,NA,59,NA,3.9,NA,NA,NA,NA,TRUE
cases,2015,year,NE,canton,all,agegroup_food,all,all,49,178073,27.52,NA,33,NA,3.6,NA,NA,NA,NA,TRUE
cases,2015,year,NW,canton,all,agegroup_food,all,all,6,42416,14.15,NA,3,NA,0.4,NA,NA,NA,NA,TRUE
cases,2015,year,OW,canton,all,agegroup_food,all,all,1,37071,2.7,NA,2.7,NA,0.1,NA,NA,NA,NA,TRUE
cases,2015,year,SG,canton,all,agegroup_food,all,all,87,499006,17.43,NA,73.3,NA,6.4,NA,NA,NA,NA,TRUE
cases,2015,year,SH,canton,all,agegroup_food,all,all,14,79828,17.54,NA,13,NA,1,NA,NA,NA,NA,TRUE
cases,2015,year,SO,canton,all,agegroup_food,all,all,43,266369,16.14,NA,42.3,NA,3.2,NA,NA,NA,NA,TRUE
cases,2015,year,SZ,canton,all,agegroup_food,all,all,16,154073,10.38,NA,20,NA,1.2,NA,NA,NA,NA,TRUE
cases,2015,year,TG,canton,all,agegroup_food,all,all,43,267393,16.08,NA,44.7,NA,3.2,NA,NA,NA,NA,TRUE
cases,2015,year,TI,canton,all,agegroup_food,all,all,72,351894,20.46,NA,71,NA,5.3,NA,NA,NA,NA,TRUE
cases,2015,year,UR,canton,all,agegroup_food,all,all,4,35971,11.12,NA,4.7,NA,0.3,NA,NA,NA,NA,TRUE
cases,2015,year,VD,canton,all,agegroup_food,all,all,134,773239,17.33,NA,122.7,NA,9.9,NA,NA,NA,NA,TRUE
cases,2015,year,VS,canton,all,agegroup_food,all,all,54,335622,16.09,NA,54.3,NA,4,NA,NA,NA,NA,TRUE
cases,2015,year,ZG,canton,all,agegroup_food,all,all,14,122113,11.46,NA,14.3,NA,1,NA,NA,NA,NA,TRUE
cases,2015,year,ZH,canton,all,agegroup_food,all,all,186,1466076,12.69,NA,197.3,NA,13.7,NA,NA,NA,NA,TRUE
cases,2016,year,AG,canton,all,agegroup_food,all,all,123,663462,18.54,NA,108,NA,8.1,NA,NA,NA,NA,TRUE
cases,2016,year,AI,canton,all,agegroup_food,all,all,1,16003,6.25,NA,2,NA,0.1,NA,NA,NA,NA,TRUE
cases,2016,year,AR,canton,all,agegroup_food,all,all,2,54954,3.64,NA,7,NA,0.1,NA,NA,NA,NA,TRUE
cases,2016,year,BE,canton,all,agegroup_food,all,all,184,1026513,17.92,NA,149.7,NA,12.2,NA,NA,NA,NA,TRUE
cases,2016,year,BL,canton,all,agegroup_food,all,all,71,285624,24.86,NA,55.7,NA,4.7,NA,NA,NA,NA,TRUE
cases,2016,year,BS,canton,all,agegroup_food,all,all,43,193070,22.27,NA,40.3,NA,2.8,NA,NA,NA,NA,TRUE
cases,2016,year,CH,country,all,agegroup_food,all,all,1510,8419550,17.93,NA,1366.3,NA,99.3,NA,NA,NA,NA,TRUE
cases,2016,year,CHFL,CHFL,all,agegroup_food,all,all,1520,8457360,17.97,NA,1371.7,rising,100,165,1.77,10.9,NA,TRUE
cases,2016,year,FL,country,all,agegroup_food,all,all,10,37810,26.45,NA,5.3,NA,0.7,NA,NA,NA,NA,TRUE
cases,2016,year,FR,canton,all,agegroup_food,all,all,50,311914,16.03,NA,42.7,NA,3.3,NA,NA,NA,NA,TRUE
cases,2016,year,GE,canton,all,agegroup_food,all,all,95,489524,19.41,NA,111,NA,6.3,NA,NA,NA,NA,TRUE
cases,2016,year,GL,canton,all,agegroup_food,all,all,3,40147,7.47,NA,4.7,NA,0.2,NA,NA,NA,NA,TRUE
cases,2016,year,GR,canton,all,agegroup_food,all,all,35,197550,17.72,NA,30.3,NA,2.3,NA,NA,NA,NA,TRUE
cases,2016,year,JU,canton,all,agegroup_food,all,all,11,73122,15.04,NA,14.7,NA,0.7,NA,NA,NA,NA,TRUE
cases,2016,year,LU,canton,all,agegroup_food,all,all,65,403397,16.11,NA,57.7,NA,4.3,NA,NA,NA,NA,TRUE
cases,2016,year,NE,canton,all,agegroup_food,all,all,40,178567,22.4,NA,38,NA,2.6,NA,NA,NA,NA,TRUE
cases,2016,year,NW,canton,all,agegroup_food,all,all,1,42556,2.35,NA,2.7,NA,0.1,NA,NA,NA,NA,TRUE
cases,2016,year,OW,canton,all,agegroup_food,all,all,8,37378,21.4,NA,3.3,NA,0.5,NA,NA,NA,NA,TRUE
cases,2016,year,SG,canton,all,agegroup_food,all,all,87,502552,17.31,NA,74,NA,5.8,NA,NA,NA,NA,TRUE
cases,2016,year,SH,canton,all,agegroup_food,all,all,10,80769,12.38,NA,12.3,NA,0.7,NA,NA,NA,NA,TRUE
cases,2016,year,SO,canton,all,agegroup_food,all,all,64,269441,23.75,NA,48.7,NA,4.2,NA,NA,NA,NA,TRUE
cases,2016,year,SZ,canton,all,agegroup_food,all,all,22,155863,14.11,NA,21.7,NA,1.5,NA,NA,NA,NA,TRUE
cases,2016,year,TG,canton,all,agegroup_food,all,all,40,270709,14.78,NA,45,NA,2.6,NA,NA,NA,NA,TRUE
cases,2016,year,TI,canton,all,agegroup_food,all,all,83,354375,23.42,NA,78,NA,5.5,NA,NA,NA,NA,TRUE
cases,2016,year,UR,canton,all,agegroup_food,all,all,5,36145,13.83,NA,5,NA,0.3,NA,NA,NA,NA,TRUE
cases,2016,year,VD,canton,all,agegroup_food,all,all,182,784822,23.19,NA,148.3,NA,12.1,NA,NA,NA,NA,TRUE
cases,2016,year,VS,canton,all,agegroup_food,all,all,52,339176,15.33,NA,52.7,NA,3.4,NA,NA,NA,NA,TRUE
cases,2016,year,ZG,canton,all,agegroup_food,all,all,9,123948,7.26,NA,10.3,NA,0.6,NA,NA,NA,NA,TRUE
cases,2016,year,ZH,canton,all,agegroup_food,all,all,224,1487969,15.05,NA,202.7,NA,14.8,NA,NA,NA,NA,TRUE
cases,2017,year,AG,canton,all,agegroup_food,all,all,142,670988,21.16,NA,120.3,NA,7.8,NA,NA,NA,NA,TRUE
cases,2017,year,AI,canton,all,agegroup_food,all,all,1,16105,6.21,NA,1.3,NA,0.1,NA,NA,NA,NA,TRUE
cases,2017,year,AR,canton,all,agegroup_food,all,all,6,55178,10.87,NA,6.3,NA,0.3,NA,NA,NA,NA,TRUE
cases,2017,year,BE,canton,all,agegroup_food,all,all,199,1031126,19.3,NA,178.7,NA,10.9,NA,NA,NA,NA,TRUE
cases,2017,year,BL,canton,all,agegroup_food,all,all,62,287023,21.6,NA,62.7,NA,3.4,NA,NA,NA,NA,TRUE
cases,2017,year,BS,canton,all,agegroup_food,all,all,38,193908,19.6,NA,38.3,NA,2.1,NA,NA,NA,NA,TRUE
cases,2017,year,CH,country,all,agegroup_food,all,all,1826,8484130,21.52,NA,1563.3,NA,99.5,NA,NA,NA,NA,TRUE
cases,2017,year,CHFL,CHFL,all,agegroup_food,all,all,1836,8522244,21.54,NA,1570.3,rising,100,316,3.57,19.9,1444.4,TRUE
cases,2017,year,FL,country,all,agegroup_food,all,all,10,38114,26.24,NA,7,NA,0.5,NA,NA,NA,NA,TRUE
cases,2017,year,FR,canton,all,agegroup_food,all,all,79,315074,25.07,NA,55.3,NA,4.3,NA,NA,NA,NA,TRUE
cases,2017,year,GE,canton,all,agegroup_food,all,all,128,495249,25.85,NA,119,NA,7,NA,NA,NA,NA,TRUE
cases,2017,year,GL,canton,all,agegroup_food,all,all,8,40349,19.83,NA,6.3,NA,0.4,NA,NA,NA,NA,TRUE
cases,2017,year,GR,canton,all,agegroup_food,all,all,33,197888,16.68,NA,31.3,NA,1.8,NA,NA,NA,NA,TRUE
cases,2017,year,JU,canton,all,agegroup_food,all,all,15,73290,20.47,NA,16,NA,0.8,NA,NA,NA,NA,TRUE
cases,2017,year,LU,canton,all,agegroup_food,all,all,69,406506,16.97,NA,62.3,NA,3.8,NA,NA,NA,NA,TRUE
cases,2017,year,NE,canton,all,agegroup_food,all,all,50,177964,28.1,NA,46.3,NA,2.7,NA,NA,NA,NA,TRUE
cases,2017,year,NW,canton,all,agegroup_food,all,all,13,42969,30.25,NA,6.7,NA,0.7,NA,NA,NA,NA,TRUE
cases,2017,year,OW,canton,all,agegroup_food,all,all,7,37575,18.63,NA,5.3,NA,0.4,NA,NA,NA,NA,TRUE
cases,2017,year,SG,canton,all,agegroup_food,all,all,92,504686,18.23,NA,88.7,NA,5,NA,NA,NA,NA,TRUE
cases,2017,year,SH,canton,all,agegroup_food,all,all,15,81351,18.44,NA,13,NA,0.8,NA,NA,NA,NA,TRUE
cases,2017,year,SO,canton,all,agegroup_food,all,all,53,271432,19.53,NA,53.3,NA,2.9,NA,NA,NA,NA,TRUE
cases,2017,year,SZ,canton,all,agegroup_food,all,all,33,157301,20.98,NA,23.7,NA,1.8,NA,NA,NA,NA,TRUE
cases,2017,year,TG,canton,all,agegroup_food,all,all,43,273801,15.7,NA,42,NA,2.4,NA,NA,NA,NA,TRUE
cases,2017,year,TI,canton,all,agegroup_food,all,all,87,353709,24.6,NA,80.7,NA,4.8,NA,NA,NA,NA,TRUE
cases,2017,year,UR,canton,all,agegroup_food,all,all,7,36299,19.28,NA,5.3,NA,0.4,NA,NA,NA,NA,TRUE
cases,2017,year,VD,canton,all,agegroup_food,all,all,256,793129,32.28,NA,190.7,NA,14,NA,NA,NA,NA,TRUE
cases,2017,year,VS,canton,all,agegroup_food,all,all,84,341463,24.6,NA,63.3,NA,4.6,NA,NA,NA,NA,TRUE
cases,2017,year,ZG,canton,all,agegroup_food,all,all,23,125421,18.34,NA,15.3,NA,1.3,NA,NA,NA,NA,TRUE
cases,2017,year,ZH,canton,all,agegroup_food,all,all,283,1504346,18.81,NA,231,NA,15.5,NA,NA,NA,NA,TRUE
cases,2018,year,AG,canton,all,agegroup_food,all,all,117,678207,17.25,NA,127.3,NA,8,NA,NA,NA,NA,TRUE
cases,2018,year,AI,canton,all,agegroup_food,all,all,1,16145,6.19,NA,1,NA,0.1,NA,NA,NA,NA,TRUE
cases,2018,year,AR,canton,all,agegroup_food,all,all,2,55234,3.62,NA,3.3,NA,0.1,NA,NA,NA,NA,TRUE
cases,2018,year,BE,canton,all,agegroup_food,all,all,139,1034977,13.43,NA,174,NA,9.5,NA,NA,NA,NA,TRUE
cases,2018,year,BL,canton,all,agegroup_food,all,all,63,288132,21.86,NA,65.3,NA,4.3,NA,NA,NA,NA,TRUE
cases,2018,year,BS,canton,all,agegroup_food,all,all,35,194766,17.97,NA,38.7,NA,2.4,NA,NA,NA,NA,TRUE
cases,2018,year,CH,country,all,agegroup_food,all,all,1465,8544527,17.15,NA,1600.3,NA,99.7,NA,NA,NA,NA,TRUE
cases,2018,year,CHFL,CHFL,all,agegroup_food,all,all,1470,8582905,17.13,NA,1608.7,rising,100,-366,-4.41,-20.5,1484.2,TRUE
cases,2018,year,FL,country,all,agegroup_food,all,all,5,38378,13.03,NA,8.3,NA,0.3,NA,NA,NA,NA,TRUE
cases,2018,year,FR,canton,all,agegroup_food,all,all,62,318714,19.45,NA,63.7,NA,4.2,NA,NA,NA,NA,TRUE
cases,2018,year,GE,canton,all,agegroup_food,all,all,121,499480,24.23,NA,114.7,NA,8.3,NA,NA,NA,NA,TRUE
cases,2018,year,GL,canton,all,agegroup_food,all,all,8,40403,19.8,NA,6.3,NA,0.5,NA,NA,NA,NA,TRUE
cases,2018,year,GR,canton,all,agegroup_food,all,all,31,198379,15.63,NA,33,NA,2.1,NA,NA,NA,NA,TRUE
cases,2018,year,JU,canton,all,agegroup_food,all,all,21,73419,28.6,NA,15.7,NA,1.4,NA,NA,NA,NA,TRUE
cases,2018,year,LU,canton,all,agegroup_food,all,all,57,409557,13.92,NA,63.7,NA,3.9,NA,NA,NA,NA,TRUE
cases,2018,year,NE,canton,all,agegroup_food,all,all,29,176850,16.4,NA,39.7,NA,2,NA,NA,NA,NA,TRUE
cases,2018,year,NW,canton,all,agegroup_food,all,all,5,43223,11.57,NA,6.3,NA,0.3,NA,NA,NA,NA,TRUE
cases,2018,year,OW,canton,all,agegroup_food,all,all,6,37841,15.86,NA,7,NA,0.4,NA,NA,NA,NA,TRUE
cases,2018,year,SG,canton,all,agegroup_food,all,all,74,507697,14.58,NA,84.3,NA,5.1,NA,NA,NA,NA,TRUE
cases,2018,year,SH,canton,all,agegroup_food,all,all,14,81991,17.08,NA,13,NA,1,NA,NA,NA,NA,TRUE
cases,2018,year,SO,canton,all,agegroup_food,all,all,49,273194,17.94,NA,55.3,NA,3.3,NA,NA,NA,NA,TRUE
cases,2018,year,SZ,canton,all,agegroup_food,all,all,22,159165,13.82,NA,25.7,NA,1.5,NA,NA,NA,NA,TRUE
cases,2018,year,TG,canton,all,agegroup_food,all,all,45,276472,16.28,NA,42.7,NA,3.1,NA,NA,NA,NA,TRUE
cases,2018,year,TI,canton,all,agegroup_food,all,all,73,353343,20.66,NA,81,NA,5,NA,NA,NA,NA,TRUE
cases,2018,year,UR,canton,all,agegroup_food,all,all,5,36433,13.72,NA,5.7,NA,0.3,NA,NA,NA,NA,TRUE
cases,2018,year,VD,canton,all,agegroup_food,all,all,133,799145,16.64,NA,190.3,NA,9.1,NA,NA,NA,NA,TRUE
cases,2018,year,VS,canton,all,agegroup_food,all,all,80,343955,23.26,NA,72,NA,5.5,NA,NA,NA,NA,TRUE
cases,2018,year,ZG,canton,all,agegroup_food,all,all,27,126837,21.29,NA,19.7,NA,1.8,NA,NA,NA,NA,TRUE
cases,2018,year,ZH,canton,all,agegroup_food,all,all,246,1520968,16.17,NA,251,NA,16.8,NA,NA,NA,NA,TRUE
cases,2019,year,AG,canton,all,agegroup_food,all,all,126,685845,18.37,NA,128.3,NA,8.2,NA,NA,NA,NA,TRUE
cases,2019,year,AI,canton,all,agegroup_food,all,all,4,16128,24.8,NA,2,NA,0.3,NA,NA,NA,NA,TRUE
cases,2019,year,AR,canton,all,agegroup_food,all,all,5,55445,9.02,NA,4.3,NA,0.3,NA,NA,NA,NA,TRUE
cases,2019,year,BE,canton,all,agegroup_food,all,all,152,1039474,14.62,NA,163.3,NA,9.9,NA,NA,NA,NA,TRUE
cases,2019,year,BL,canton,all,agegroup_food,all,all,71,289468,24.53,NA,65.3,NA,4.6,NA,NA,NA,NA,TRUE
cases,2019,year,BS,canton,all,agegroup_food,all,all,47,195844,24,NA,40,NA,3.1,NA,NA,NA,NA,TRUE
cases,2019,year,CH,country,all,agegroup_food,all,all,1539,8606033,17.88,NA,1610,NA,99.7,NA,NA,NA,NA,TRUE
cases,2019,year,CHFL,CHFL,all,agegroup_food,all,all,1543,8644780,17.85,NA,1616.3,falling,100,73,0.72,4.2,1544.8,TRUE
cases,2019,year,FL,country,all,agegroup_food,all,all,4,38747,10.32,NA,6.3,NA,0.3,NA,NA,NA,NA,TRUE
cases,2019,year,FR,canton,all,agegroup_food,all,all,44,321783,13.67,NA,61.7,NA,2.9,NA,NA,NA,NA,TRUE
cases,2019,year,GE,canton,all,agegroup_food,all,all,105,504128,20.83,NA,118,NA,6.8,NA,NA,NA,NA,TRUE
cases,2019,year,GL,canton,all,agegroup_food,all,all,6,40590,14.78,NA,7.3,NA,0.4,NA,NA,NA,NA,TRUE
cases,2019,year,GR,canton,all,agegroup_food,all,all,29,199021,14.57,NA,31,NA,1.9,NA,NA,NA,NA,TRUE
cases,2019,year,JU,canton,all,agegroup_food,all,all,11,73584,14.95,NA,15.7,NA,0.7,NA,NA,NA,NA,TRUE
cases,2019,year,LU,canton,all,agegroup_food,all,all,57,413120,13.8,NA,61,NA,3.7,NA,NA,NA,NA,TRUE
cases,2019,year,NE,canton,all,agegroup_food,all,all,41,176496,23.23,NA,40,NA,2.7,NA,NA,NA,NA,TRUE
cases,2019,year,NW,canton,all,agegroup_food,all,all,10,43087,23.21,NA,9.3,NA,0.6,NA,NA,NA,NA,TRUE
cases,2019,year,OW,canton,all,agegroup_food,all,all,7,37930,18.46,NA,6.7,NA,0.5,NA,NA,NA,NA,TRUE
cases,2019,year,SG,canton,all,agegroup_food,all,all,83,510734,16.25,NA,83,NA,5.4,NA,NA,NA,NA,TRUE
cases,2019,year,SH,canton,all,agegroup_food,all,all,13,82348,15.79,NA,14,NA,0.8,NA,NA,NA,NA,TRUE
cases,2019,year,SO,canton,all,agegroup_food,all,all,62,275247,22.53,NA,54.7,NA,4,NA,NA,NA,NA,TRUE
cases,2019,year,SZ,canton,all,agegroup_food,all,all,19,160480,11.84,NA,24.7,NA,1.2,NA,NA,NA,NA,TRUE
cases,2019,year,TG,canton,all,agegroup_food,all,all,51,279547,18.24,NA,46.3,NA,3.3,NA,NA,NA,NA,TRUE
cases,2019,year,TI,canton,all,agegroup_food,all,all,75,351491,21.34,NA,78.3,NA,4.9,NA,NA,NA,NA,TRUE
cases,2019,year,UR,canton,all,agegroup_food,all,all,9,36703,24.52,NA,7,NA,0.6,NA,NA,NA,NA,TRUE
cases,2019,year,VD,canton,all,agegroup_food,all,all,165,805098,20.49,NA,184.7,NA,10.7,NA,NA,NA,NA,TRUE
cases,2019,year,VS,canton,all,agegroup_food,all,all,64,345525,18.52,NA,76,NA,4.2,NA,NA,NA,NA,TRUE
cases,2019,year,ZG,canton,all,agegroup_food,all,all,21,127642,16.45,NA,23.7,NA,1.4,NA,NA,NA,NA,TRUE
cases,2019,year,ZH,canton,all,agegroup_food,all,all,261,1539275,16.96,NA,263.3,NA,17,NA,NA,NA,NA,TRUE
cases,2019,year,unknown,canton,all,agegroup_food,all,all,1,NA,NA,NA,NA,NA,0.1,NA,NA,NA,NA,TRUE
cases,2020,year,AG,canton,all,agegroup_food,all,all,94,694072,13.54,NA,112.3,NA,7.6,NA,NA,NA,NA,TRUE
cases,2020,year,AI,canton,all,agegroup_food,all,all,2,16293,12.28,NA,2.3,NA,0.2,NA,NA,NA,NA,TRUE
cases,2020,year,AR,canton,all,agegroup_food,all,all,6,55309,10.85,NA,4.3,NA,0.5,NA,NA,NA,NA,TRUE
cases,2020,year,BE,canton,all,agegroup_food,all,all,114,1043132,10.93,NA,135,NA,9.2,NA,NA,NA,NA,TRUE
cases,2020,year,BL,canton,all,agegroup_food,all,all,47,290969,16.15,NA,60.3,NA,3.8,NA,NA,NA,NA,TRUE
cases,2020,year,BS,canton,all,agegroup_food,all,all,37,196735,18.81,NA,39.7,NA,3,NA,NA,NA,NA,TRUE
cases,2020,year,CH,country,all,agegroup_food,all,all,1243,8670300,14.34,NA,1415.7,NA,99.5,NA,NA,NA,NA,TRUE
cases,2020,year,CHFL,CHFL,all,agegroup_food,all,all,1249,8709355,14.34,NA,1420.7,falling,100,-294,-3.51,-19.7,1523.6,TRUE
cases,2020,year,FL,country,all,agegroup_food,all,all,6,39055,15.36,NA,5,NA,0.5,NA,NA,NA,NA,TRUE
cases,2020,year,FR,canton,all,agegroup_food,all,all,46,325496,14.13,NA,50.7,NA,3.7,NA,NA,NA,NA,TRUE
cases,2020,year,GE,canton,all,agegroup_food,all,all,84,506343,16.59,NA,103.3,NA,6.8,NA,NA,NA,NA,TRUE
cases,2020,year,GL,canton,all,agegroup_food,all,all,6,40851,14.69,NA,6.7,NA,0.5,NA,NA,NA,NA,TRUE
cases,2020,year,GR,canton,all,agegroup_food,all,all,35,200096,17.49,NA,31.7,NA,2.8,NA,NA,NA,NA,TRUE
cases,2020,year,JU,canton,all,agegroup_food,all,all,6,73709,8.14,NA,12.7,NA,0.5,NA,NA,NA,NA,TRUE
cases,2020,year,LU,canton,all,agegroup_food,all,all,71,416347,17.05,NA,61.7,NA,5.7,NA,NA,NA,NA,TRUE
cases,2020,year,NE,canton,all,agegroup_food,all,all,26,175894,14.78,NA,32,NA,2.1,NA,NA,NA,NA,TRUE
cases,2020,year,NW,canton,all,agegroup_food,all,all,0,43520,0,NA,5,NA,0,NA,NA,NA,NA,TRUE
cases,2020,year,OW,canton,all,agegroup_food,all,all,8,38108,20.99,NA,7,NA,0.6,NA,NA,NA,NA,TRUE
cases,2020,year,SG,canton,all,agegroup_food,all,all,55,514504,10.69,NA,70.7,NA,4.4,NA,NA,NA,NA,TRUE
cases,2020,year,SH,canton,all,agegroup_food,all,all,11,83107,13.24,NA,12.7,NA,0.9,NA,NA,NA,NA,TRUE
cases,2020,year,SO,canton,all,agegroup_food,all,all,50,277462,18.02,NA,53.7,NA,4,NA,NA,NA,NA,TRUE
cases,2020,year,SZ,canton,all,agegroup_food,all,all,20,162157,12.33,NA,20.3,NA,1.6,NA,NA,NA,NA,TRUE
cases,2020,year,TG,canton,all,agegroup_food,all,all,45,282909,15.91,NA,47,NA,3.6,NA,NA,NA,NA,TRUE
cases,2020,year,TI,canton,all,agegroup_food,all,all,86,350986,24.5,NA,78,NA,6.9,NA,NA,NA,NA,TRUE
cases,2020,year,UR,canton,all,agegroup_food,all,all,9,36819,24.44,NA,7.7,NA,0.7,NA,NA,NA,NA,TRUE
cases,2020,year,VD,canton,all,agegroup_food,all,all,136,814762,16.69,NA,144.7,NA,10.9,NA,NA,NA,NA,TRUE
cases,2020,year,VS,canton,all,agegroup_food,all,all,50,348503,14.35,NA,64.7,NA,4,NA,NA,NA,NA,TRUE
cases,2020,year,ZG,canton,all,agegroup_food,all,all,20,128794,15.53,NA,22.7,NA,1.6,NA,NA,NA,NA,TRUE
cases,2020,year,ZH,canton,all,agegroup_food,all,all,179,1553423,11.52,NA,228.7,NA,14.4,NA,NA,NA,NA,TRUE
cases,2021,year,AG,canton,all,agegroup_food,all,all,87,703086,12.37,NA,102.3,NA,5.9,NA,NA,NA,NA,TRUE
cases,2021,year,AI,canton,all,agegroup_food,all,all,0,16360,0,NA,2,NA,0,NA,NA,NA,NA,TRUE
cases,2021,year,AR,canton,all,agegroup_food,all,all,7,55585,12.59,NA,6,NA,0.5,NA,NA,NA,NA,TRUE
cases,2021,year,BE,canton,all,agegroup_food,all,all,140,1047473,13.37,NA,135.3,NA,9.5,NA,NA,NA,NA,TRUE
cases,2021,year,BL,canton,all,agegroup_food,all,all,51,292817,17.42,NA,56.3,NA,3.5,NA,NA,NA,NA,TRUE
cases,2021,year,BS,canton,all,agegroup_food,all,all,41,196036,20.91,NA,41.7,NA,2.8,NA,NA,NA,NA,TRUE
cases,2021,year,CH,country,all,agegroup_food,all,all,1477,8738791,16.9,NA,1419.7,NA,99.5,NA,NA,NA,NA,TRUE
cases,2021,year,CHFL,CHFL,all,agegroup_food,all,all,1484,8778099,16.91,NA,1425.3,falling,100,235,2.57,17.9,1516.4,TRUE
cases,2021,year,FL,country,all,agegroup_food,all,all,7,39308,17.81,NA,5.7,NA,0.5,NA,NA,NA,NA,TRUE
cases,2021,year,FR,canton,all,agegroup_food,all,all,65,329809,19.71,NA,51.7,NA,4.4,NA,NA,NA,NA,TRUE
cases,2021,year,GE,canton,all,agegroup_food,all,all,121,509448,23.75,NA,103.3,NA,8.2,NA,NA,NA,NA,TRUE
cases,2021,year,GL,canton,all,agegroup_food,all,all,7,41190,16.99,NA,6.3,NA,0.5,NA,NA,NA,NA,TRUE
cases,2021,year,GR,canton,all,agegroup_food,all,all,27,201376,13.41,NA,30.3,NA,1.8,NA,NA,NA,NA,TRUE
cases,2021,year,JU,canton,all,agegroup_food,all,all,7,73798,9.49,NA,8,NA,0.5,NA,NA,NA,NA,TRUE
cases,2021,year,LU,canton,all,agegroup_food,all,all,61,420326,14.51,NA,63,NA,4.1,NA,NA,NA,NA,TRUE
cases,2021,year,NE,canton,all,agegroup_food,all,all,38,176166,21.57,NA,35,NA,2.6,NA,NA,NA,NA,TRUE
cases,2021,year,NW,canton,all,agegroup_food,all,all,8,43894,18.23,NA,6,NA,0.5,NA,NA,NA,NA,TRUE
cases,2021,year,OW,canton,all,agegroup_food,all,all,6,38435,15.61,NA,7,NA,0.4,NA,NA,NA,NA,TRUE
cases,2021,year,SG,canton,all,agegroup_food,all,all,55,519245,10.59,NA,64.3,NA,3.7,NA,NA,NA,NA,TRUE
cases,2021,year,SH,canton,all,agegroup_food,all,all,9,83995,10.71,NA,11,NA,0.6,NA,NA,NA,NA,TRUE
cases,2021,year,SO,canton,all,agegroup_food,all,all,45,280245,16.06,NA,52.3,NA,3,NA,NA,NA,NA,TRUE
cases,2021,year,SZ,canton,all,agegroup_food,all,all,26,163689,15.88,NA,21.7,NA,1.8,NA,NA,NA,NA,TRUE
cases,2021,year,TG,canton,all,agegroup_food,all,all,41,285964,14.34,NA,45.7,NA,2.8,NA,NA,NA,NA,TRUE
cases,2021,year,TI,canton,all,agegroup_food,all,all,93,352181,26.41,NA,84.7,NA,6.3,NA,NA,NA,NA,TRUE
cases,2021,year,UR,canton,all,agegroup_food,all,all,10,37047,26.99,NA,9.3,NA,0.7,NA,NA,NA,NA,TRUE
cases,2021,year,VD,canton,all,agegroup_food,all,all,200,822968,24.3,NA,167,NA,13.5,NA,NA,NA,NA,TRUE
cases,2021,year,VS,canton,all,agegroup_food,all,all,86,353209,24.35,NA,66.7,NA,5.8,NA,NA,NA,NA,TRUE
cases,2021,year,ZG,canton,all,agegroup_food,all,all,9,129787,6.93,NA,16.7,NA,0.6,NA,NA,NA,NA,TRUE
cases,2021,year,ZH,canton,all,agegroup_food,all,all,236,1564662,15.08,NA,225.3,NA,16,NA,NA,NA,NA,TRUE
cases,2021,year,unknown,canton,all,agegroup_food,all,all,1,NA,NA,NA,NA,NA,0.1,NA,NA,NA,NA,TRUE
cases,2022,year,AG,canton,all,agegroup_food,all,all,151,711232,21.23,NA,110.7,NA,8.2,NA,NA,NA,NA,TRUE
cases,2022,year,AI,canton,all,agegroup_food,all,all,0,16416,0,NA,0.7,NA,0,NA,NA,NA,NA,TRUE
cases,2022,year,AR,canton,all,agegroup_food,all,all,5,55759,8.97,NA,6,NA,0.3,NA,NA,NA,NA,TRUE
cases,2022,year,BE,canton,all,agegroup_food,all,all,148,1051437,14.08,NA,134,NA,8,NA,NA,NA,NA,TRUE
cases,2022,year,BL,canton,all,agegroup_food,all,all,78,294417,26.49,NA,58.7,NA,4.2,NA,NA,NA,NA,TRUE
cases,2022,year,BS,canton,all,agegroup_food,all,all,36,196786,18.29,NA,38,NA,2,NA,NA,NA,NA,TRUE
cases,2022,year,CH,country,all,agegroup_food,all,all,1839,8815385,20.86,NA,1519.7,NA,99.7,NA,NA,NA,NA,TRUE
cases,2022,year,CHFL,CHFL,all,agegroup_food,all,all,1844,8855062,20.82,NA,1525.7,rising,100,360,3.91,23.1,1518,TRUE
cases,2022,year,FL,country,all,agegroup_food,all,all,5,39677,12.6,NA,6,NA,0.3,NA,NA,NA,NA,TRUE
cases,2022,year,FR,canton,all,agegroup_food,all,all,86,334465,25.71,NA,65.7,NA,4.7,NA,NA,NA,NA,TRUE
cases,2022,year,GE,canton,all,agegroup_food,all,all,162,514114,31.51,NA,122.3,NA,8.8,NA,NA,NA,NA,TRUE
cases,2022,year,GL,canton,all,agegroup_food,all,all,6,41471,14.47,NA,6.3,NA,0.3,NA,NA,NA,NA,TRUE
cases,2022,year,GR,canton,all,agegroup_food,all,all,45,202538,22.22,NA,35.7,NA,2.4,NA,NA,NA,NA,TRUE
cases,2022,year,JU,canton,all,agegroup_food,all,all,26,73865,35.2,NA,13,NA,1.4,NA,NA,NA,NA,TRUE
cases,2022,year,LU,canton,all,agegroup_food,all,all,47,424851,11.06,NA,59.7,NA,2.6,NA,NA,NA,NA,TRUE
cases,2022,year,NE,canton,all,agegroup_food,all,all,49,176571,27.75,NA,37.7,NA,2.7,NA,NA,NA,NA,TRUE
cases,2022,year,NW,canton,all,agegroup_food,all,all,7,44420,15.76,NA,5,NA,0.4,NA,NA,NA,NA,TRUE
cases,2022,year,OW,canton,all,agegroup_food,all,all,2,38700,5.17,NA,5.3,NA,0.1,NA,NA,NA,NA,TRUE
cases,2022,year,SG,canton,all,agegroup_food,all,all,80,525967,15.21,NA,63.3,NA,4.4,NA,NA,NA,NA,TRUE
cases,2022,year,SH,canton,all,agegroup_food,all,all,22,85214,25.82,NA,14,NA,1.2,NA,NA,NA,NA,TRUE
cases,2022,year,SO,canton,all,agegroup_food,all,all,49,282408,17.35,NA,48,NA,2.7,NA,NA,NA,NA,TRUE
cases,2022,year,SZ,canton,all,agegroup_food,all,all,26,164920,15.77,NA,24,NA,1.4,NA,NA,NA,NA,TRUE
cases,2022,year,TG,canton,all,agegroup_food,all,all,53,289650,18.3,NA,46.3,NA,2.9,NA,NA,NA,NA,TRUE
cases,2022,year,TI,canton,all,agegroup_food,all,all,81,354023,22.88,NA,86.7,NA,4.4,NA,NA,NA,NA,TRUE
cases,2022,year,UR,canton,all,agegroup_food,all,all,8,37317,21.44,NA,9,NA,0.4,NA,NA,NA,NA,TRUE
cases,2022,year,VD,canton,all,agegroup_food,all,all,235,830431,28.3,NA,190.3,NA,12.8,NA,NA,NA,NA,TRUE
cases,2022,year,VS,canton,all,agegroup_food,all,all,92,357282,25.75,NA,76,NA,5,NA,NA,NA,NA,TRUE
cases,2022,year,ZG,canton,all,agegroup_food,all,all,24,131164,18.3,NA,17.7,NA,1.3,NA,NA,NA,NA,TRUE
cases,2022,year,ZH,canton,all,agegroup_food,all,all,319,1579967,20.19,NA,244.7,NA,17.3,NA,NA,NA,NA,TRUE
cases,2022,year,unknown,canton,all,agegroup_food,all,all,2,NA,NA,NA,1.3,NA,0.1,NA,NA,NA,NA,TRUE
cases,2023,year,AG,canton,all,agegroup_food,all,all,122,726894,16.78,NA,120,NA,6.7,NA,NA,NA,NA,TRUE
cases,2023,year,AI,canton,all,agegroup_food,all,all,0,16585,0,NA,0,NA,0,NA,NA,NA,NA,TRUE
cases,2023,year,AR,canton,all,agegroup_food,all,all,8,56495,14.16,NA,6.7,NA,0.4,NA,NA,NA,NA,TRUE
cases,2023,year,BE,canton,all,agegroup_food,all,all,197,1063533,18.52,NA,161.7,NA,10.9,NA,NA,NA,NA,TRUE
cases,2023,year,BL,canton,all,agegroup_food,all,all,70,298837,23.42,NA,66.3,NA,3.9,NA,NA,NA,NA,TRUE
cases,2023,year,BS,canton,all,agegroup_food,all,all,39,200031,19.5,NA,38.7,NA,2.1,NA,NA,NA,NA,TRUE
cases,2023,year,CH,country,all,agegroup_food,all,all,1815,8962258,20.25,NA,1710.3,NA,99.6,NA,NA,NA,NA,TRUE
cases,2023,year,CHFL,CHFL,all,agegroup_food,all,all,1823,9002273,20.25,NA,1717,rising,100,-21,-0.57,-2.7,1588.6,TRUE
cases,2023,year,FL,country,all,agegroup_food,all,all,8,40015,19.99,NA,6.7,NA,0.4,NA,NA,NA,NA,TRUE
cases,2023,year,FR,canton,all,agegroup_food,all,all,73,341537,21.37,NA,74.7,NA,4,NA,NA,NA,NA,TRUE
cases,2023,year,GE,canton,all,agegroup_food,all,all,186,524410,35.47,NA,156.3,NA,10.2,NA,NA,NA,NA,TRUE
cases,2023,year,GL,canton,all,agegroup_food,all,all,10,42056,23.78,NA,7.7,NA,0.6,NA,NA,NA,NA,TRUE
cases,2023,year,GR,canton,all,agegroup_food,all,all,40,204888,19.52,NA,37.3,NA,2.2,NA,NA,NA,NA,TRUE
cases,2023,year,JU,canton,all,agegroup_food,all,all,22,74548,29.51,NA,18.3,NA,1.2,NA,NA,NA,NA,TRUE
cases,2023,year,LU,canton,all,agegroup_food,all,all,65,432744,15.02,NA,57.7,NA,3.6,NA,NA,NA,NA,TRUE
cases,2023,year,NE,canton,all,agegroup_food,all,all,39,178291,21.87,NA,42,NA,2.1,NA,NA,NA,NA,TRUE
cases,2023,year,NW,canton,all,agegroup_food,all,all,5,45016,11.11,NA,6.7,NA,0.3,NA,NA,NA,NA,TRUE
cases,2023,year,OW,canton,all,agegroup_food,all,all,6,39272,15.28,NA,4.7,NA,0.3,NA,NA,NA,NA,TRUE
cases,2023,year,SG,canton,all,agegroup_food,all,all,70,535114,13.08,NA,68.3,NA,3.9,NA,NA,NA,NA,TRUE
cases,2023,year,SH,canton,all,agegroup_food,all,all,19,87111,21.81,NA,16.7,NA,1,NA,NA,NA,NA,TRUE
cases,2023,year,SO,canton,all,agegroup_food,all,all,62,286844,21.61,NA,52,NA,3.4,NA,NA,NA,NA,TRUE
cases,2023,year,SZ,canton,all,agegroup_food,all,all,25,167403,14.93,NA,25.7,NA,1.4,NA,NA,NA,NA,TRUE
cases,2023,year,TG,canton,all,agegroup_food,all,all,46,295220,15.58,NA,46.7,NA,2.5,NA,NA,NA,NA,TRUE
cases,2023,year,TI,canton,all,agegroup_food,all,all,107,357720,29.91,NA,93.7,NA,5.9,NA,NA,NA,NA,TRUE
cases,2023,year,UR,canton,all,agegroup_food,all,all,6,37931,15.82,NA,8,NA,0.3,NA,NA,NA,NA,TRUE
cases,2023,year,VD,canton,all,agegroup_food,all,all,211,845870,24.94,NA,215.3,NA,11.6,NA,NA,NA,NA,TRUE
cases,2023,year,VS,canton,all,agegroup_food,all,all,64,365844,17.49,NA,80.7,NA,3.5,NA,NA,NA,NA,TRUE
cases,2023,year,ZG,canton,all,agegroup_food,all,all,26,132556,19.61,NA,19.7,NA,1.4,NA,NA,NA,NA,TRUE
cases,2023,year,ZH,canton,all,agegroup_food,all,all,297,1605508,18.5,NA,284,NA,16.4,NA,NA,NA,NA,TRUE
cases,2024,year,AG,canton,all,agegroup_food,all,all,173,735808,23.51,NA,148.7,NA,7.7,NA,NA,NA,NA,TRUE
cases,2024,year,AI,canton,all,agegroup_food,all,all,0,16733,0,NA,0,NA,0,NA,NA,NA,NA,TRUE
cases,2024,year,AR,canton,all,agegroup_food,all,all,10,56705,17.64,NA,7.7,NA,0.4,NA,NA,NA,NA,TRUE
cases,2024,year,BE,canton,all,agegroup_food,all,all,229,1071216,21.38,NA,191.3,NA,10.2,NA,NA,NA,NA,TRUE
cases,2024,year,BL,canton,all,agegroup_food,all,all,82,301323,27.21,NA,76.7,NA,3.6,NA,NA,NA,NA,TRUE
cases,2024,year,BS,canton,all,agegroup_food,all,all,44,201384,21.85,NA,39.7,NA,2,NA,NA,NA,NA,TRUE
cases,2024,year,CH,country,all,agegroup_food,all,all,2256,9051029,24.93,NA,1970,NA,99.7,NA,NA,NA,NA,TRUE
cases,2024,year,CHFL,CHFL,all,agegroup_food,all,all,2263,9091915,24.89,NA,1976.7,rising,100,440,4.64,22.9,1732.6,TRUE
cases,2024,year,FL,country,all,agegroup_food,all,all,7,40886,17.12,NA,6.7,NA,0.3,NA,NA,NA,NA,TRUE
cases,2024,year,FR,canton,all,agegroup_food,all,all,81,346674,23.36,NA,80,NA,3.6,NA,NA,NA,NA,TRUE
cases,2024,year,GE,canton,all,agegroup_food,all,all,189,531102,35.59,NA,179,NA,8.4,NA,NA,NA,NA,TRUE
cases,2024,year,GL,canton,all,agegroup_food,all,all,8,42371,18.88,NA,8,NA,0.4,NA,NA,NA,NA,TRUE
cases,2024,year,GR,canton,all,agegroup_food,all,all,37,206138,17.95,NA,40.7,NA,1.6,NA,NA,NA,NA,TRUE
cases,2024,year,JU,canton,all,agegroup_food,all,all,30,74840,40.09,NA,26,NA,1.3,NA,NA,NA,NA,TRUE
cases,2024,year,LU,canton,all,agegroup_food,all,all,92,437944,21.01,NA,68,NA,4.1,NA,NA,NA,NA,TRUE
cases,2024,year,NE,canton,all,agegroup_food,all,all,65,179518,36.21,NA,51,NA,2.9,NA,NA,NA,NA,TRUE
cases,2024,year,NW,canton,all,agegroup_food,all,all,8,45345,17.64,NA,6.7,NA,0.4,NA,NA,NA,NA,TRUE
cases,2024,year,OW,canton,all,agegroup_food,all,all,4,39662,10.09,NA,4,NA,0.2,NA,NA,NA,NA,TRUE
cases,2024,year,SG,canton,all,agegroup_food,all,all,89,540036,16.48,NA,79.7,NA,3.9,NA,NA,NA,NA,TRUE
cases,2024,year,SH,canton,all,agegroup_food,all,all,23,88667,25.94,NA,21.3,NA,1,NA,NA,NA,NA,TRUE
cases,2024,year,SO,canton,all,agegroup_food,all,all,63,289792,21.74,NA,58,NA,2.8,NA,NA,NA,NA,TRUE
cases,2024,year,SZ,canton,all,agegroup_food,all,all,35,168931,20.72,NA,28.7,NA,1.6,NA,NA,NA,NA,TRUE
cases,2024,year,TG,canton,all,agegroup_food,all,all,54,299509,18.03,NA,51,NA,2.4,NA,NA,NA,NA,TRUE
cases,2024,year,TI,canton,all,agegroup_food,all,all,80,358903,22.29,NA,89.3,NA,3.5,NA,NA,NA,NA,TRUE
cases,2024,year,UR,canton,all,agegroup_food,all,all,9,38275,23.51,NA,7.7,NA,0.4,NA,NA,NA,NA,TRUE
cases,2024,year,VD,canton,all,agegroup_food,all,all,316,855106,36.95,NA,254,NA,14,NA,NA,NA,NA,TRUE
cases,2024,year,VS,canton,all,agegroup_food,all,all,100,371288,26.93,NA,85.3,NA,4.4,NA,NA,NA,NA,TRUE
cases,2024,year,ZG,canton,all,agegroup_food,all,all,25,133739,18.69,NA,25,NA,1.1,NA,NA,NA,NA,TRUE
cases,2024,year,ZH,canton,all,agegroup_food,all,all,410,1620020,25.31,NA,342,NA,18.2,NA,NA,NA,NA,TRUE
cases,2025,year,AG,canton,all,agegroup_food,all,all,162,735808,22.02,NA,152.3,NA,7.1,NA,NA,NA,NA,TRUE
cases,2025,year,AI,canton,all,agegroup_food,all,all,3,16733,17.93,NA,1,NA,0.1,NA,NA,NA,NA,TRUE
cases,2025,year,AR,canton,all,agegroup_food,all,all,9,56705,15.87,NA,9,NA,0.4,NA,NA,NA,NA,TRUE
cases,2025,year,BE,canton,all,agegroup_food,all,all,280,1071216,26.14,NA,235.3,NA,12.3,NA,NA,NA,NA,TRUE
cases,2025,year,BL,canton,all,agegroup_food,all,all,92,301323,30.53,NA,81.3,NA,4,NA,NA,NA,NA,TRUE
cases,2025,year,BS,canton,all,agegroup_food,all,all,46,201384,22.84,NA,43,NA,2,NA,NA,NA,NA,TRUE
cases,2025,year,CH,country,all,agegroup_food,all,all,2278,9051029,25.17,NA,2116.3,NA,99.6,NA,NA,NA,NA,TRUE
cases,2025,year,CHFL,CHFL,all,agegroup_food,all,all,2288,9091915,25.17,NA,2124.7,rising,100,25,0.28,1.1,1940.4,TRUE
cases,2025,year,FL,country,all,agegroup_food,all,all,10,40886,24.46,NA,8.3,NA,0.4,NA,NA,NA,NA,TRUE
cases,2025,year,FR,canton,all,agegroup_food,all,all,86,346674,24.81,NA,80,NA,3.8,NA,NA,NA,NA,TRUE
cases,2025,year,GE,canton,all,agegroup_food,all,all,193,531102,36.34,NA,189.3,NA,8.5,NA,NA,NA,NA,TRUE
cases,2025,year,GL,canton,all,agegroup_food,all,all,9,42371,21.24,NA,9,NA,0.4,NA,NA,NA,NA,TRUE
cases,2025,year,GR,canton,all,agegroup_food,all,all,46,206138,22.32,NA,41,NA,2,NA,NA,NA,NA,TRUE
cases,2025,year,JU,canton,all,agegroup_food,all,all,39,74840,52.11,NA,30.3,NA,1.7,NA,NA,NA,NA,TRUE
cases,2025,year,LU,canton,all,agegroup_food,all,all,77,437944,17.58,NA,78,NA,3.4,NA,NA,NA,NA,TRUE
cases,2025,year,NE,canton,all,agegroup_food,all,all,44,179518,24.51,NA,49.3,NA,1.9,NA,NA,NA,NA,TRUE
cases,2025,year,NW,canton,all,agegroup_food,all,all,7,45345,15.44,NA,6.7,NA,0.3,NA,NA,NA,NA,TRUE
cases,2025,year,OW,canton,all,agegroup_food,all,all,2,39662,5.04,NA,4,NA,0.1,NA,NA,NA,NA,TRUE
cases,2025,year,SG,canton,all,agegroup_food,all,all,120,540036,22.22,NA,93,NA,5.3,NA,NA,NA,NA,TRUE
cases,2025,year,SH,canton,all,agegroup_food,all,all,33,88667,37.22,NA,25,NA,1.4,NA,NA,NA,NA,TRUE
cases,2025,year,SO,canton,all,agegroup_food,all,all,70,289792,24.16,NA,65,NA,3.1,NA,NA,NA,NA,TRUE
cases,2025,year,SZ,canton,all,agegroup_food,all,all,25,168931,14.8,NA,28.3,NA,1.1,NA,NA,NA,NA,TRUE
cases,2025,year,TG,canton,all,agegroup_food,all,all,51,299509,17.03,NA,50.3,NA,2.2,NA,NA,NA,NA,TRUE
cases,2025,year,TI,canton,all,agegroup_food,all,all,98,358903,27.31,NA,95,NA,4.3,NA,NA,NA,NA,TRUE
cases,2025,year,UR,canton,all,agegroup_food,all,all,12,38275,31.35,NA,9,NA,0.5,NA,NA,NA,NA,TRUE
cases,2025,year,VD,canton,all,agegroup_food,all,all,309,855106,36.14,NA,278.7,NA,13.6,NA,NA,NA,NA,TRUE
cases,2025,year,VS,canton,all,agegroup_food,all,all,103,371288,27.74,NA,89,NA,4.5,NA,NA,NA,NA,TRUE
cases,2025,year,ZG,canton,all,agegroup_food,all,all,21,133739,15.7,NA,24,NA,0.9,NA,NA,NA,NA,TRUE
cases,2025,year,ZH,canton,all,agegroup_food,all,all,341,1620020,21.05,NA,349.3,NA,15,NA,NA,NA,NA,TRUE
cases,2013,year,CHFL,CHFL,all,agegroup_food,all,enteritidis,366,8176573,4.48,NA,NA,NA,28.8,NA,NA,NA,NA,TRUE
cases,2013,year,CHFL,CHFL,all,agegroup_food,all,monophasic_salmonella_typhimurium,204,8176573,2.49,NA,NA,NA,16.1,NA,NA,NA,NA,TRUE
cases,2013,year,CHFL,CHFL,all,agegroup_food,all,napoli,17,8176573,0.21,NA,NA,NA,1.3,NA,NA,NA,NA,TRUE
cases,2013,year,CHFL,CHFL,all,agegroup_food,all,other,467,8176573,5.71,NA,NA,NA,36.7,NA,NA,NA,NA,TRUE
cases,2013,year,CHFL,CHFL,all,agegroup_food,all,species,17,8176573,0.21,NA,NA,NA,1.3,NA,NA,NA,NA,TRUE
cases,2013,year,CHFL,CHFL,all,agegroup_food,all,typhimurium,200,8176573,2.45,NA,NA,NA,15.7,NA,NA,NA,NA,TRUE
cases,2014,year,CHFL,CHFL,all,agegroup_food,all,enteritidis,345,8274608,4.17,NA,NA,NA,27.8,NA,NA,NA,NA,TRUE
cases,2014,year,CHFL,CHFL,all,agegroup_food,all,monophasic_salmonella_typhimurium,195,8274608,2.36,NA,NA,NA,15.7,NA,NA,NA,NA,TRUE
cases,2014,year,CHFL,CHFL,all,agegroup_food,all,napoli,18,8274608,0.22,NA,NA,NA,1.5,NA,NA,NA,NA,TRUE
cases,2014,year,CHFL,CHFL,all,agegroup_food,all,other,480,8274608,5.8,NA,NA,NA,38.7,NA,NA,NA,NA,TRUE
cases,2014,year,CHFL,CHFL,all,agegroup_food,all,species,20,8274608,0.24,NA,NA,NA,1.6,NA,NA,NA,NA,TRUE
cases,2014,year,CHFL,CHFL,all,agegroup_food,all,typhimurium,182,8274608,2.2,NA,NA,NA,14.7,NA,NA,NA,NA,TRUE
cases,2015,year,CHFL,CHFL,all,agegroup_food,all,enteritidis,478,8362816,5.72,NA,396.3,NA,35.3,NA,NA,NA,NA,TRUE
cases,2015,year,CHFL,CHFL,all,agegroup_food,all,monophasic_salmonella_typhimurium,133,8362816,1.59,NA,177.3,NA,9.8,NA,NA,NA,NA,TRUE
cases,2015,year,CHFL,CHFL,all,agegroup_food,all,napoli,22,8362816,0.26,NA,19,NA,1.6,NA,NA,NA,NA,TRUE
cases,2015,year,CHFL,CHFL,all,agegroup_food,all,other,493,8362816,5.9,NA,480,NA,36.4,NA,NA,NA,NA,TRUE
cases,2015,year,CHFL,CHFL,all,agegroup_food,all,species,42,8362816,0.5,NA,26.3,NA,3.1,NA,NA,NA,NA,TRUE
cases,2015,year,CHFL,CHFL,all,agegroup_food,all,typhimurium,187,8362816,2.24,NA,189.7,NA,13.8,NA,NA,NA,NA,TRUE
cases,2016,year,CHFL,CHFL,all,agegroup_food,all,enteritidis,543,8457360,6.42,NA,455.3,NA,35.7,NA,NA,NA,NA,TRUE
cases,2016,year,CHFL,CHFL,all,agegroup_food,all,monophasic_salmonella_typhimurium,207,8457360,2.45,NA,178.3,NA,13.6,NA,NA,NA,NA,TRUE
cases,2016,year,CHFL,CHFL,all,agegroup_food,all,napoli,24,8457360,0.28,NA,21.3,NA,1.6,NA,NA,NA,NA,TRUE
cases,2016,year,CHFL,CHFL,all,agegroup_food,all,other,506,8457360,5.98,NA,493,NA,33.3,NA,NA,NA,NA,TRUE
cases,2016,year,CHFL,CHFL,all,agegroup_food,all,species,60,8457360,0.71,NA,40.7,NA,3.9,NA,NA,NA,NA,TRUE
cases,2016,year,CHFL,CHFL,all,agegroup_food,all,typhimurium,180,8457360,2.13,NA,183,NA,11.8,NA,NA,NA,NA,TRUE
cases,2017,year,CHFL,CHFL,all,agegroup_food,all,enteritidis,715,8522244,8.39,NA,578.7,NA,38.9,NA,NA,NA,NA,TRUE
cases,2017,year,CHFL,CHFL,all,agegroup_food,all,monophasic_salmonella_typhimurium,200,8522244,2.35,NA,180,NA,10.9,NA,NA,NA,NA,TRUE
cases,2017,year,CHFL,CHFL,all,agegroup_food,all,napoli,35,8522244,0.41,NA,27,NA,1.9,NA,NA,NA,NA,TRUE
cases,2017,year,CHFL,CHFL,all,agegroup_food,all,other,495,8522244,5.81,NA,498,NA,27,NA,NA,NA,NA,TRUE
cases,2017,year,CHFL,CHFL,all,agegroup_food,all,species,159,8522244,1.87,NA,87,NA,8.7,NA,NA,NA,NA,TRUE
cases,2017,year,CHFL,CHFL,all,agegroup_food,all,typhimurium,232,8522244,2.72,NA,199.7,NA,12.6,NA,NA,NA,NA,TRUE
cases,2018,year,CHFL,CHFL,all,agegroup_food,all,enteritidis,405,8582905,4.72,NA,554.3,NA,27.6,NA,NA,NA,NA,TRUE
cases,2018,year,CHFL,CHFL,all,agegroup_food,all,monophasic_salmonella_typhimurium,182,8582905,2.12,NA,196.3,NA,12.4,NA,NA,NA,NA,TRUE
cases,2018,year,CHFL,CHFL,all,agegroup_food,all,napoli,39,8582905,0.45,NA,32.7,NA,2.7,NA,NA,NA,NA,TRUE
cases,2018,year,CHFL,CHFL,all,agegroup_food,all,other,502,8582905,5.85,NA,501,NA,34.1,NA,NA,NA,NA,TRUE
cases,2018,year,CHFL,CHFL,all,agegroup_food,all,species,100,8582905,1.17,NA,106.3,NA,6.8,NA,NA,NA,NA,TRUE
cases,2018,year,CHFL,CHFL,all,agegroup_food,all,typhimurium,242,8582905,2.82,NA,218,NA,16.5,NA,NA,NA,NA,TRUE
cases,2019,year,CHFL,CHFL,all,agegroup_food,all,enteritidis,419,8644780,4.85,NA,513,NA,27.2,NA,NA,NA,NA,TRUE
cases,2019,year,CHFL,CHFL,all,agegroup_food,all,monophasic_salmonella_typhimurium,176,8644780,2.04,NA,186,NA,11.4,NA,NA,NA,NA,TRUE
cases,2019,year,CHFL,CHFL,all,agegroup_food,all,napoli,52,8644780,0.6,NA,42,NA,3.4,NA,NA,NA,NA,TRUE
cases,2019,year,CHFL,CHFL,all,agegroup_food,all,other,561,8644780,6.49,NA,519.3,NA,36.4,NA,NA,NA,NA,TRUE
cases,2019,year,CHFL,CHFL,all,agegroup_food,all,species,132,8644780,1.53,NA,130.3,NA,8.6,NA,NA,NA,NA,TRUE
cases,2019,year,CHFL,CHFL,all,agegroup_food,all,typhimurium,203,8644780,2.35,NA,225.7,NA,13.2,NA,NA,NA,NA,TRUE
cases,2020,year,CHFL,CHFL,all,agegroup_food,all,enteritidis,363,8709355,4.17,NA,395.7,NA,29.1,NA,NA,NA,NA,TRUE
cases,2020,year,CHFL,CHFL,all,agegroup_food,all,monophasic_salmonella_typhimurium,163,8709355,1.87,NA,173.7,NA,13.1,NA,NA,NA,NA,TRUE
cases,2020,year,CHFL,CHFL,all,agegroup_food,all,napoli,39,8709355,0.45,NA,43.3,NA,3.1,NA,NA,NA,NA,TRUE
cases,2020,year,CHFL,CHFL,all,agegroup_food,all,other,362,8709355,4.16,NA,475,NA,29,NA,NA,NA,NA,TRUE
cases,2020,year,CHFL,CHFL,all,agegroup_food,all,species,122,8709355,1.4,NA,118,NA,9.8,NA,NA,NA,NA,TRUE
cases,2020,year,CHFL,CHFL,all,agegroup_food,all,typhimurium,200,8709355,2.3,NA,215,NA,16,NA,NA,NA,NA,TRUE
cases,2021,year,CHFL,CHFL,all,agegroup_food,all,enteritidis,488,8778099,5.56,NA,423.3,NA,32.9,NA,NA,NA,NA,TRUE
cases,2021,year,CHFL,CHFL,all,agegroup_food,all,monophasic_salmonella_typhimurium,132,8778099,1.5,NA,157,NA,8.9,NA,NA,NA,NA,TRUE
cases,2021,year,CHFL,CHFL,all,agegroup_food,all,napoli,55,8778099,0.63,NA,48.7,NA,3.7,NA,NA,NA,NA,TRUE
cases,2021,year,CHFL,CHFL,all,agegroup_food,all,other,444,8778099,5.06,NA,455.7,NA,29.9,NA,NA,NA,NA,TRUE
cases,2021,year,CHFL,CHFL,all,agegroup_food,all,species,181,8778099,2.06,NA,145,NA,12.2,NA,NA,NA,NA,TRUE
cases,2021,year,CHFL,CHFL,all,agegroup_food,all,typhimurium,184,8778099,2.1,NA,195.7,NA,12.4,NA,NA,NA,NA,TRUE
cases,2022,year,CHFL,CHFL,all,agegroup_food,all,enteritidis,595,8855062,6.72,NA,482,NA,32.3,NA,NA,NA,NA,TRUE
cases,2022,year,CHFL,CHFL,all,agegroup_food,all,monophasic_salmonella_typhimurium,171,8855062,1.93,NA,155.3,NA,9.3,NA,NA,NA,NA,TRUE
cases,2022,year,CHFL,CHFL,all,agegroup_food,all,napoli,44,8855062,0.5,NA,46,NA,2.4,NA,NA,NA,NA,TRUE
cases,2022,year,CHFL,CHFL,all,agegroup_food,all,other,512,8855062,5.78,NA,439.3,NA,27.8,NA,NA,NA,NA,TRUE
cases,2022,year,CHFL,CHFL,all,agegroup_food,all,species,276,8855062,3.12,NA,193,NA,15,NA,NA,NA,NA,TRUE
cases,2022,year,CHFL,CHFL,all,agegroup_food,all,typhimurium,246,8855062,2.78,NA,210,NA,13.3,NA,NA,NA,NA,TRUE
cases,2023,year,CHFL,CHFL,all,agegroup_food,all,enteritidis,545,9002273,6.05,NA,542.7,NA,29.9,NA,NA,NA,NA,TRUE
cases,2023,year,CHFL,CHFL,all,agegroup_food,all,monophasic_salmonella_typhimurium,156,9002273,1.73,NA,153,NA,8.6,NA,NA,NA,NA,TRUE
cases,2023,year,CHFL,CHFL,all,agegroup_food,all,napoli,64,9002273,0.71,NA,54.3,NA,3.5,NA,NA,NA,NA,TRUE
cases,2023,year,CHFL,CHFL,all,agegroup_food,all,other,492,9002273,5.47,NA,482.7,NA,27,NA,NA,NA,NA,TRUE
cases,2023,year,CHFL,CHFL,all,agegroup_food,all,species,339,9002273,3.77,NA,265.3,NA,18.6,NA,NA,NA,NA,TRUE
cases,2023,year,CHFL,CHFL,all,agegroup_food,all,typhimurium,227,9002273,2.52,NA,219,NA,12.5,NA,NA,NA,NA,TRUE
cases,2024,year,CHFL,CHFL,all,agegroup_food,all,enteritidis,848,9091915,9.33,NA,662.7,NA,37.5,NA,NA,NA,NA,TRUE
cases,2024,year,CHFL,CHFL,all,agegroup_food,all,monophasic_salmonella_typhimurium,141,9091915,1.55,NA,156,NA,6.2,NA,NA,NA,NA,TRUE
cases,2024,year,CHFL,CHFL,all,agegroup_food,all,napoli,36,9091915,0.4,NA,48,NA,1.6,NA,NA,NA,NA,TRUE
cases,2024,year,CHFL,CHFL,all,agegroup_food,all,other,521,9091915,5.73,NA,508.3,NA,23,NA,NA,NA,NA,TRUE
cases,2024,year,CHFL,CHFL,all,agegroup_food,all,species,378,9091915,4.16,NA,331,NA,16.7,NA,NA,NA,NA,TRUE
cases,2024,year,CHFL,CHFL,all,agegroup_food,all,typhimurium,339,9091915,3.73,NA,270.7,NA,15,NA,NA,NA,NA,TRUE
cases,2025,year,CHFL,CHFL,all,agegroup_food,all,enteritidis,825,9091915,9.07,NA,739.3,NA,36.1,NA,NA,NA,NA,TRUE
cases,2025,year,CHFL,CHFL,all,agegroup_food,all,monophasic_salmonella_typhimurium,111,9091915,1.22,NA,136,NA,4.9,NA,NA,NA,NA,TRUE
cases,2025,year,CHFL,CHFL,all,agegroup_food,all,napoli,63,9091915,0.69,NA,54.3,NA,2.8,NA,NA,NA,NA,TRUE
cases,2025,year,CHFL,CHFL,all,agegroup_food,all,other,759,9091915,8.35,NA,590.7,NA,33.2,NA,NA,NA,NA,TRUE
cases,2025,year,CHFL,CHFL,all,agegroup_food,all,species,170,9091915,1.87,NA,295.7,NA,7.4,NA,NA,NA,NA,TRUE
cases,2025,year,CHFL,CHFL,all,agegroup_food,all,typhimurium,360,9091915,3.96,NA,308.7,NA,15.7,NA,NA,NA,NA,TRUE
cases_10y_mean,2022,year,CHFL,CHFL,0 - 16,agegroup_food,all,all,NA,NA,31.12,NA,NA,NA,NA,NA,NA,NA,NA,TRUE
cases_10y_mean,2022,year,CHFL,CHFL,17 - 24,agegroup_food,all,all,NA,NA,22.53,NA,NA,NA,NA,NA,NA,NA,NA,TRUE
cases_10y_mean,2022,year,CHFL,CHFL,25 - 44,agegroup_food,all,all,NA,NA,12.21,NA,NA,NA,NA,NA,NA,NA,NA,TRUE
cases_10y_mean,2022,year,CHFL,CHFL,45 - 64,agegroup_food,all,all,NA,NA,12.02,NA,NA,NA,NA,NA,NA,NA,NA,TRUE
cases_10y_mean,2022,year,CHFL,CHFL,65+,agegroup_food,all,all,NA,NA,17.73,NA,NA,NA,NA,NA,NA,NA,NA,TRUE
cases_10y_mean,2022,year,CHFL,CHFL,unknown,agegroup_food,all,all,NA,NA,NA,NA,NA,NA,NA,NA,NA,NA,NA,TRUE
cases_10y_mean,2023,year,CHFL,CHFL,0 - 16,agegroup_food,all,all,NA,NA,31.94,NA,NA,NA,NA,NA,NA,NA,NA,TRUE
cases_10y_mean,2023,year,CHFL,CHFL,17 - 24,agegroup_food,all,all,NA,NA,22.53,NA,NA,NA,NA,NA,NA,NA,NA,TRUE
cases_10y_mean,2023,year,CHFL,CHFL,25 - 44,agegroup_food,all,all,NA,NA,12.63,NA,NA,NA,NA,NA,NA,NA,NA,TRUE
cases_10y_mean,2023,year,CHFL,CHFL,45 - 64,agegroup_food,all,all,NA,NA,12.21,NA,NA,NA,NA,NA,NA,NA,NA,TRUE
cases_10y_mean,2023,year,CHFL,CHFL,65+,agegroup_food,all,all,NA,NA,18.62,NA,NA,NA,NA,NA,NA,NA,NA,TRUE
cases_10y_mean,2023,year,CHFL,CHFL,unknown,agegroup_food,all,all,NA,NA,NA,NA,NA,NA,NA,NA,NA,NA,NA,TRUE
cases_10y_mean,2024,year,CHFL,CHFL,0 - 16,agegroup_food,all,all,NA,NA,33.58,NA,NA,NA,NA,NA,NA,NA,NA,TRUE
cases_10y_mean,2024,year,CHFL,CHFL,17 - 24,agegroup_food,all,all,NA,NA,23.61,NA,NA,NA,NA,NA,NA,NA,NA,TRUE
cases_10y_mean,2024,year,CHFL,CHFL,25 - 44,agegroup_food,all,all,NA,NA,13.55,NA,NA,NA,NA,NA,NA,NA,NA,TRUE
cases_10y_mean,2024,year,CHFL,CHFL,45 - 64,agegroup_food,all,all,NA,NA,12.78,NA,NA,NA,NA,NA,NA,NA,NA,TRUE
cases_10y_mean,2024,year,CHFL,CHFL,65+,agegroup_food,all,all,NA,NA,19.72,NA,NA,NA,NA,NA,NA,NA,NA,TRUE
cases_10y_mean,2024,year,CHFL,CHFL,unknown,agegroup_food,all,all,NA,NA,NA,NA,NA,NA,NA,NA,NA,NA,NA,TRUE
cases_10y_mean,2025,year,CHFL,CHFL,0 - 16,agegroup_food,all,all,NA,NA,35.14,NA,NA,NA,NA,NA,NA,NA,NA,TRUE
cases_10y_mean,2025,year,CHFL,CHFL,17 - 24,agegroup_food,all,all,NA,NA,24.79,NA,NA,NA,NA,NA,NA,NA,NA,TRUE
cases_10y_mean,2025,year,CHFL,CHFL,25 - 44,agegroup_food,all,all,NA,NA,14.36,NA,NA,NA,NA,NA,NA,NA,NA,TRUE
cases_10y_mean,2025,year,CHFL,CHFL,45 - 64,agegroup_food,all,all,NA,NA,13.1,NA,NA,NA,NA,NA,NA,NA,NA,TRUE
cases_10y_mean,2025,year,CHFL,CHFL,65+,agegroup_food,all,all,NA,NA,20.88,NA,NA,NA,NA,NA,NA,NA,NA,TRUE
cases_10y_mean,2025,year,CHFL,CHFL,unknown,agegroup_food,all,all,NA,NA,NA,NA,NA,NA,NA,NA,NA,NA,NA,TRUE
cases_10y_cumsum,2022,year,CHFL,CHFL,all,agegroup_food,female,all,7169,NA,NA,NA,NA,NA,48.4,NA,NA,NA,NA,TRUE
cases_10y_cumsum,2022,year,CHFL,CHFL,all,agegroup_food,male,all,7628,NA,NA,NA,NA,NA,51.5,NA,NA,NA,NA,TRUE
cases_10y_cumsum,2022,year,CHFL,CHFL,all,agegroup_food,unknown,all,15,NA,NA,NA,NA,NA,0.1,NA,NA,NA,NA,TRUE
cases_10y_cumsum,2023,year,CHFL,CHFL,all,agegroup_food,female,all,7444,NA,NA,NA,NA,NA,48.5,NA,NA,NA,NA,TRUE
cases_10y_cumsum,2023,year,CHFL,CHFL,all,agegroup_food,male,all,7906,NA,NA,NA,NA,NA,51.5,NA,NA,NA,NA,TRUE
cases_10y_cumsum,2023,year,CHFL,CHFL,all,agegroup_food,unknown,all,14,NA,NA,NA,NA,NA,0.1,NA,NA,NA,NA,TRUE
cases_10y_cumsum,2024,year,CHFL,CHFL,all,agegroup_food,female,all,7985,NA,NA,NA,NA,NA,48.7,NA,NA,NA,NA,TRUE
cases_10y_cumsum,2024,year,CHFL,CHFL,all,agegroup_food,male,all,8385,NA,NA,NA,NA,NA,51.2,NA,NA,NA,NA,TRUE
cases_10y_cumsum,2024,year,CHFL,CHFL,all,agegroup_food,unknown,all,17,NA,NA,NA,NA,NA,0.1,NA,NA,NA,NA,TRUE
cases_10y_cumsum,2025,year,CHFL,CHFL,all,agegroup_food,female,all,8402,NA,NA,NA,NA,NA,48.5,NA,NA,NA,NA,TRUE
cases_10y_cumsum,2025,year,CHFL,CHFL,all,agegroup_food,male,all,8899,NA,NA,NA,NA,NA,51.4,NA,NA,NA,NA,TRUE
cases_10y_cumsum,2025,year,CHFL,CHFL,all,agegroup_food,unknown,all,19,NA,NA,NA,NA,NA,0.1,NA,NA,NA,NA,TRUE
